adm2,year,predicted_probability,predicted_disaster,risk_level
Adilabad,2011,0.4111172908619105,0,Moderate Risk
Adilabad,2012,0.4111172908619105,0,Moderate Risk
Adilabad,2013,0.4111172908619105,0,Moderate Risk
Adilabad,2014,0.4111172908619105,0,Moderate Risk
Adilabad,2015,0.4111172908619105,0,Moderate Risk
Adilabad,2016,0.4111172908619105,0,Moderate Risk
Adilabad,2017,0.4111172908619105,0,Moderate Risk
Agar Malwa,2011,0.4111172908619105,0,Moderate Risk
Agar Malwa,2012,0.4111172908619105,0,Moderate Risk
Agar Malwa,2013,0.4111172908619105,0,Moderate Risk
Agar Malwa,2014,0.4111172908619105,0,Moderate Risk
Agar Malwa,2015,0.4111172908619105,0,Moderate Risk
Agar Malwa,2016,0.4111172908619105,0,Moderate Risk
Agar Malwa,2017,0.7172791812640505,0,Moderate Risk
Agra,2011,0.7631473699548711,0,Moderate Risk
Agra,2012,0.7631473699548711,0,Moderate Risk
Agra,2013,0.5238103936948594,0,Moderate Risk
Agra,2014,0.5238103936948594,0,Moderate Risk
Agra,2015,0.6253007831636783,0,Moderate Risk
Agra,2016,0.6253007831636783,0,Moderate Risk
Agra,2017,0.6253007831636783,0,Moderate Risk
Ahmadabad,2011,0.7995632359696266,0,Moderate Risk
Ahmadabad,2012,0.6253007831636783,0,Moderate Risk
Ahmadabad,2013,0.6253007831636783,0,Moderate Risk
Ahmadabad,2014,0.6253007831636783,0,Moderate Risk
Ahmadabad,2015,0.6253007831636783,0,Moderate Risk
Ahmadabad,2016,0.4111172908619105,0,Moderate Risk
Ahmadabad,2017,0.4111172908619105,0,Moderate Risk
Ahmadnagar,2011,0.7631473699548711,0,Moderate Risk
Ahmadnagar,2012,0.7631473699548711,0,Moderate Risk
Ahmadnagar,2013,0.5238103936948594,0,Moderate Risk
Ahmadnagar,2014,0.5238103936948594,0,Moderate Risk
Ahmadnagar,2015,0.6253007831636783,0,Moderate Risk
Ahmadnagar,2016,0.6253007831636783,0,Moderate Risk
Ahmadnagar,2017,0.6253007831636783,0,Moderate Risk
Aizawl,2011,0.4111172908619105,0,Moderate Risk
Aizawl,2012,0.4111172908619105,0,Moderate Risk
Aizawl,2013,0.4111172908619105,0,Moderate Risk
Aizawl,2014,0.4111172908619105,0,Moderate Risk
Aizawl,2015,0.4111172908619105,0,Moderate Risk
Aizawl,2016,0.4111172908619105,0,Moderate Risk
Aizawl,2017,0.4111172908619105,0,Moderate Risk
Ajmer,2011,0.7631473699548711,0,Moderate Risk
Ajmer,2012,0.7631473699548711,0,Moderate Risk
Ajmer,2013,0.5238103936948594,0,Moderate Risk
Ajmer,2014,0.5238103936948594,0,Moderate Risk
Ajmer,2015,0.6253007831636783,0,Moderate Risk
Ajmer,2016,0.6253007831636783,0,Moderate Risk
Ajmer,2017,0.6253007831636783,0,Moderate Risk
Akola,2011,0.7631473699548711,0,Moderate Risk
Akola,2012,0.7631473699548711,0,Moderate Risk
Akola,2013,0.5238103936948594,0,Moderate Risk
Akola,2014,0.5238103936948594,0,Moderate Risk
Akola,2015,0.6253007831636783,0,Moderate Risk
Akola,2016,0.6253007831636783,0,Moderate Risk
Akola,2017,0.6253007831636783,0,Moderate Risk
Alappuzha,2011,0.7995632359696266,0,Moderate Risk
Alappuzha,2012,0.6253007831636783,0,Moderate Risk
Alappuzha,2013,0.6253007831636783,0,Moderate Risk
Alappuzha,2014,0.6253007831636783,0,Moderate Risk
Alappuzha,2015,0.4111172908619105,0,Moderate Risk
Alappuzha,2016,0.4111172908619105,0,Moderate Risk
Alappuzha,2017,0.4111172908619105,0,Moderate Risk
Aligarh,2011,0.7631473699548711,0,Moderate Risk
Aligarh,2012,0.7631473699548711,0,Moderate Risk
Aligarh,2013,0.5238103936948594,0,Moderate Risk
Aligarh,2014,0.5238103936948594,0,Moderate Risk
Aligarh,2015,0.6253007831636783,0,Moderate Risk
Aligarh,2016,0.6253007831636783,0,Moderate Risk
Aligarh,2017,0.6253007831636783,0,Moderate Risk
Allahabad,2011,0.9267210493643663,1,High Risk
Allahabad,2012,0.9369897259555857,1,High Risk
Allahabad,2013,0.8354388836773256,1,High Risk
Allahabad,2014,0.6341299786653143,0,Moderate Risk
Allahabad,2015,0.7244754846132341,0,Moderate Risk
Allahabad,2016,0.7995632359696266,0,Moderate Risk
Allahabad,2017,0.9354701015814498,1,High Risk
Almora,2011,0.7172791812640505,0,Moderate Risk
Almora,2012,0.7631473699548711,0,Moderate Risk
Almora,2013,0.7631473699548711,0,Moderate Risk
Almora,2014,0.5238103936948594,0,Moderate Risk
Almora,2015,0.5238103936948594,0,Moderate Risk
Almora,2016,0.6253007831636783,0,Moderate Risk
Almora,2017,0.6253007831636783,0,Moderate Risk
Alwar,2011,0.7631473699548711,0,Moderate Risk
Alwar,2012,0.7631473699548711,0,Moderate Risk
Alwar,2013,0.5238103936948594,0,Moderate Risk
Alwar,2014,0.5238103936948594,0,Moderate Risk
Alwar,2015,0.6253007831636783,0,Moderate Risk
Alwar,2016,0.6253007831636783,0,Moderate Risk
Alwar,2017,0.6253007831636783,0,Moderate Risk
Ambala,2011,0.7172791812640505,0,Moderate Risk
Ambala,2012,0.7631473699548711,0,Moderate Risk
Ambala,2013,0.7631473699548711,0,Moderate Risk
Ambala,2014,0.5238103936948594,0,Moderate Risk
Ambala,2015,0.5238103936948594,0,Moderate Risk
Ambala,2016,0.6253007831636783,0,Moderate Risk
Ambala,2017,0.6253007831636783,0,Moderate Risk
Ambedkar Nagar,2011,0.7631473699548711,0,Moderate Risk
Ambedkar Nagar,2012,0.7631473699548711,0,Moderate Risk
Ambedkar Nagar,2013,0.5238103936948594,0,Moderate Risk
Ambedkar Nagar,2014,0.5238103936948594,0,Moderate Risk
Ambedkar Nagar,2015,0.6253007831636783,0,Moderate Risk
Ambedkar Nagar,2016,0.6253007831636783,0,Moderate Risk
Ambedkar Nagar,2017,0.6253007831636783,0,Moderate Risk
Amravati,2011,0.8354388836773256,1,High Risk
Amravati,2012,0.8354388836773256,1,High Risk
Amravati,2013,0.7244754846132341,0,Moderate Risk
Amravati,2014,0.7244754846132341,0,Moderate Risk
Amravati,2015,0.7995632359696266,0,Moderate Risk
Amravati,2016,0.7995632359696266,0,Moderate Risk
Amravati,2017,0.7995632359696266,0,Moderate Risk
Amreli,2011,0.7995632359696266,0,Moderate Risk
Amreli,2012,0.6253007831636783,0,Moderate Risk
Amreli,2013,0.6253007831636783,0,Moderate Risk
Amreli,2014,0.6253007831636783,0,Moderate Risk
Amreli,2015,0.6253007831636783,0,Moderate Risk
Amreli,2016,0.7172791812640505,0,Moderate Risk
Amreli,2017,0.7631473699548711,0,Moderate Risk
Amroha,2011,0.7631473699548711,0,Moderate Risk
Amroha,2012,0.7631473699548711,0,Moderate Risk
Amroha,2013,0.5238103936948594,0,Moderate Risk
Amroha,2014,0.5238103936948594,0,Moderate Risk
Amroha,2015,0.6253007831636783,0,Moderate Risk
Amroha,2016,0.6253007831636783,0,Moderate Risk
Amroha,2017,0.6253007831636783,0,Moderate Risk
Anand,2011,0.7995632359696266,0,Moderate Risk
Anand,2012,0.6253007831636783,0,Moderate Risk
Anand,2013,0.6253007831636783,0,Moderate Risk
Anand,2014,0.6253007831636783,0,Moderate Risk
Anand,2015,0.6253007831636783,0,Moderate Risk
Anand,2016,0.4111172908619105,0,Moderate Risk
Anand,2017,0.4111172908619105,0,Moderate Risk
Anantapur,2011,0.8888785939288698,1,High Risk
Anantapur,2012,0.8888785939288698,1,High Risk
Anantapur,2013,0.8627391150237367,1,High Risk
Anantapur,2014,0.8627391150237367,1,High Risk
Anantapur,2015,0.9050830547904776,1,High Risk
Anantapur,2016,0.9050830547904776,1,High Risk
Anantapur,2017,0.9050830547904776,1,High Risk
Anantnag,2011,0.6253007831636783,0,Moderate Risk
Anantnag,2012,0.6253007831636783,0,Moderate Risk
Anantnag,2013,0.6253007831636783,0,Moderate Risk
Anantnag,2014,0.6253007831636783,0,Moderate Risk
Anantnag,2015,0.6253007831636783,0,Moderate Risk
Anantnag,2016,0.4111172908619105,0,Moderate Risk
Anantnag,2017,0.4111172908619105,0,Moderate Risk
Anugul,2011,0.7995632359696266,0,Moderate Risk
Anugul,2012,0.8584484756136718,1,High Risk
Anugul,2013,0.885082936306528,1,High Risk
Anugul,2014,0.7631473699548711,0,Moderate Risk
Anugul,2015,0.5238103936948594,0,Moderate Risk
Anugul,2016,0.5238103936948594,0,Moderate Risk
Anugul,2017,0.6253007831636783,0,Moderate Risk
Anuppur,2011,0.7631473699548711,0,Moderate Risk
Anuppur,2012,0.7631473699548711,0,Moderate Risk
Anuppur,2013,0.5238103936948594,0,Moderate Risk
Anuppur,2014,0.5238103936948594,0,Moderate Risk
Anuppur,2015,0.6253007831636783,0,Moderate Risk
Anuppur,2016,0.6253007831636783,0,Moderate Risk
Anuppur,2017,0.6253007831636783,0,Moderate Risk
Araria,2011,0.7631473699548711,0,Moderate Risk
Araria,2012,0.5238103936948594,0,Moderate Risk
Araria,2013,0.5238103936948594,0,Moderate Risk
Araria,2014,0.6253007831636783,0,Moderate Risk
Araria,2015,0.6253007831636783,0,Moderate Risk
Araria,2016,0.6253007831636783,0,Moderate Risk
Araria,2017,0.8584484756136718,1,High Risk
Ashoknagar,2011,0.7631473699548711,0,Moderate Risk
Ashoknagar,2012,0.7631473699548711,0,Moderate Risk
Ashoknagar,2013,0.5238103936948594,0,Moderate Risk
Ashoknagar,2014,0.5238103936948594,0,Moderate Risk
Ashoknagar,2015,0.6253007831636783,0,Moderate Risk
Ashoknagar,2016,0.6253007831636783,0,Moderate Risk
Ashoknagar,2017,0.6253007831636783,0,Moderate Risk
Auraiya,2011,0.7631473699548711,0,Moderate Risk
Auraiya,2012,0.7631473699548711,0,Moderate Risk
Auraiya,2013,0.5238103936948594,0,Moderate Risk
Auraiya,2014,0.5238103936948594,0,Moderate Risk
Auraiya,2015,0.6253007831636783,0,Moderate Risk
Auraiya,2016,0.6253007831636783,0,Moderate Risk
Auraiya,2017,0.6253007831636783,0,Moderate Risk
Azamgarh,2011,0.885082936306528,1,High Risk
Azamgarh,2012,0.885082936306528,1,High Risk
Azamgarh,2013,0.7244754846132341,0,Moderate Risk
Azamgarh,2014,0.7244754846132341,0,Moderate Risk
Azamgarh,2015,0.9354701015814498,1,High Risk
Azamgarh,2016,0.885082936306528,1,High Risk
Azamgarh,2017,0.885082936306528,1,High Risk
Bagalkot,2011,0.9590674833930078,1,High Risk
Bagalkot,2012,0.9590674833930078,1,High Risk
Bagalkot,2013,0.8055630387793108,1,High Risk
Bagalkot,2014,0.8055630387793108,1,High Risk
Bagalkot,2015,0.9050830547904776,1,High Risk
Bagalkot,2016,0.9050830547904776,1,High Risk
Bagalkot,2017,0.9050830547904776,1,High Risk
Bageshwar,2011,0.4111172908619105,0,Moderate Risk
Bageshwar,2012,0.4111172908619105,0,Moderate Risk
Bageshwar,2013,0.7172791812640505,0,Moderate Risk
Bageshwar,2014,0.7631473699548711,0,Moderate Risk
Bageshwar,2015,0.7631473699548711,0,Moderate Risk
Bageshwar,2016,0.5238103936948594,0,Moderate Risk
Bageshwar,2017,0.5238103936948594,0,Moderate Risk
Bahraich,2011,0.7244754846132341,0,Moderate Risk
Bahraich,2012,0.7995632359696266,0,Moderate Risk
Bahraich,2013,0.7995632359696266,0,Moderate Risk
Bahraich,2014,0.9354701015814498,1,High Risk
Bahraich,2015,0.9484818420188742,1,High Risk
Bahraich,2016,0.885082936306528,1,High Risk
Bahraich,2017,0.5238103936948594,0,Moderate Risk
Baksa,2011,0.7326320312996201,0,Moderate Risk
Baksa,2012,0.7631473699548711,0,Moderate Risk
Baksa,2013,0.7631473699548711,0,Moderate Risk
Baksa,2014,0.5238103936948594,0,Moderate Risk
Baksa,2015,0.5238103936948594,0,Moderate Risk
Baksa,2016,0.6253007831636783,0,Moderate Risk
Baksa,2017,0.6253007831636783,0,Moderate Risk
Balaghat,2011,0.9484818420188742,1,High Risk
Balaghat,2012,0.9484818420188742,1,High Risk
Balaghat,2013,0.7244754846132341,0,Moderate Risk
Balaghat,2014,0.7244754846132341,0,Moderate Risk
Balaghat,2015,0.7995632359696266,0,Moderate Risk
Balaghat,2016,0.6253007831636783,0,Moderate Risk
Balaghat,2017,0.6253007831636783,0,Moderate Risk
Balangir,2011,0.6253007831636783,0,Moderate Risk
Balangir,2012,0.6253007831636783,0,Moderate Risk
Balangir,2013,0.6253007831636783,0,Moderate Risk
Balangir,2014,0.4111172908619105,0,Moderate Risk
Balangir,2015,0.4111172908619105,0,Moderate Risk
Balangir,2016,0.4111172908619105,0,Moderate Risk
Balangir,2017,0.4111172908619105,0,Moderate Risk
Baleshwar,2011,0.8627391150237367,1,High Risk
Baleshwar,2012,0.9580564755421112,1,High Risk
Baleshwar,2013,0.9777820433191943,1,High Risk
Baleshwar,2014,0.9777820433191943,1,High Risk
Baleshwar,2015,0.9375958145378523,1,High Risk
Baleshwar,2016,0.7244754846132341,0,Moderate Risk
Baleshwar,2017,0.7995632359696266,0,Moderate Risk
Ballia,2011,0.9238702707680505,1,High Risk
Ballia,2012,0.9484818420188742,1,High Risk
Ballia,2013,0.8627391150237367,1,High Risk
Ballia,2014,0.8627391150237367,1,High Risk
Ballia,2015,0.9050830547904776,1,High Risk
Ballia,2016,0.7995632359696266,0,Moderate Risk
Ballia,2017,0.8584484756136718,1,High Risk
Balrampur,2011,0.8354388836773256,1,High Risk
Balrampur,2012,0.9655045832249007,1,High Risk
Balrampur,2013,0.9238702707680505,1,High Risk
Balrampur,2014,0.9238702707680505,1,High Risk
Balrampur,2015,0.9580564755421112,1,High Risk
Balrampur,2016,0.9666761589982051,1,High Risk
Balrampur,2017,0.9484818420188742,1,High Risk
Banas Kantha,2011,0.6253007831636783,0,Moderate Risk
Banas Kantha,2012,0.4111172908619105,0,Moderate Risk
Banas Kantha,2013,0.4111172908619105,0,Moderate Risk
Banas Kantha,2014,0.4111172908619105,0,Moderate Risk
Banas Kantha,2015,0.4111172908619105,0,Moderate Risk
Banas Kantha,2016,0.7172791812640505,0,Moderate Risk
Banas Kantha,2017,0.7631473699548711,0,Moderate Risk
Banda,2011,0.885082936306528,1,High Risk
Banda,2012,0.885082936306528,1,High Risk
Banda,2013,0.7244754846132341,0,Moderate Risk
Banda,2014,0.7244754846132341,0,Moderate Risk
Banda,2015,0.7995632359696266,0,Moderate Risk
Banda,2016,0.6253007831636783,0,Moderate Risk
Banda,2017,0.8584484756136718,1,High Risk
Bangalore,2011,0.9484818420188742,1,High Risk
Bangalore,2012,0.9484818420188742,1,High Risk
Bangalore,2013,0.8627391150237367,1,High Risk
Bangalore,2014,0.7244754846132341,0,Moderate Risk
Bangalore,2015,0.7995632359696266,0,Moderate Risk
Bangalore,2016,0.6253007831636783,0,Moderate Risk
Bangalore,2017,0.6253007831636783,0,Moderate Risk
Bangalore Rural,2011,0.7631473699548711,0,Moderate Risk
Bangalore Rural,2012,0.7631473699548711,0,Moderate Risk
Bangalore Rural,2013,0.5238103936948594,0,Moderate Risk
Bangalore Rural,2014,0.5238103936948594,0,Moderate Risk
Bangalore Rural,2015,0.6253007831636783,0,Moderate Risk
Bangalore Rural,2016,0.6253007831636783,0,Moderate Risk
Bangalore Rural,2017,0.6253007831636783,0,Moderate Risk
Banka,2011,0.9238702707680505,1,High Risk
Banka,2012,0.9238702707680505,1,High Risk
Banka,2013,0.8627391150237367,1,High Risk
Banka,2014,0.8627391150237367,1,High Risk
Banka,2015,0.7995632359696266,0,Moderate Risk
Banka,2016,0.7995632359696266,0,Moderate Risk
Banka,2017,0.7995632359696266,0,Moderate Risk
Bankura,2011,0.6253007831636783,0,Moderate Risk
Bankura,2012,0.6253007831636783,0,Moderate Risk
Bankura,2013,0.6253007831636783,0,Moderate Risk
Bankura,2014,0.4111172908619105,0,Moderate Risk
Bankura,2015,0.4111172908619105,0,Moderate Risk
Bankura,2016,0.4111172908619105,0,Moderate Risk
Bankura,2017,0.4111172908619105,0,Moderate Risk
Banswara,2011,0.7631473699548711,0,Moderate Risk
Banswara,2012,0.7631473699548711,0,Moderate Risk
Banswara,2013,0.5238103936948594,0,Moderate Risk
Banswara,2014,0.5238103936948594,0,Moderate Risk
Banswara,2015,0.6253007831636783,0,Moderate Risk
Banswara,2016,0.6253007831636783,0,Moderate Risk
Banswara,2017,0.6253007831636783,0,Moderate Risk
Barabanki,2011,0.5238103936948594,0,Moderate Risk
Barabanki,2012,0.8584484756136718,1,High Risk
Barabanki,2013,0.885082936306528,1,High Risk
Barabanki,2014,0.9655045832249007,1,High Risk
Barabanki,2015,0.9778276307651528,1,High Risk
Barabanki,2016,0.9824585984333928,1,High Risk
Barabanki,2017,0.9238702707680505,1,High Risk
Baramulla,2011,0.4111172908619105,0,Moderate Risk
Baramulla,2012,0.4111172908619105,0,Moderate Risk
Baramulla,2013,0.4111172908619105,0,Moderate Risk
Baramulla,2014,0.4111172908619105,0,Moderate Risk
Baramulla,2015,0.4111172908619105,0,Moderate Risk
Baramulla,2016,0.4111172908619105,0,Moderate Risk
Baramulla,2017,0.4111172908619105,0,Moderate Risk
Barddhaman,2011,0.7995632359696266,0,Moderate Risk
Barddhaman,2012,0.7995632359696266,0,Moderate Risk
Barddhaman,2013,0.7995632359696266,0,Moderate Risk
Barddhaman,2014,0.7995632359696266,0,Moderate Risk
Barddhaman,2015,0.7995632359696266,0,Moderate Risk
Barddhaman,2016,0.4111172908619105,0,Moderate Risk
Barddhaman,2017,0.4111172908619105,0,Moderate Risk
Bareilly,2011,0.9267210493643663,1,High Risk
Bareilly,2012,0.9369897259555857,1,High Risk
Bareilly,2013,0.8354388836773256,1,High Risk
Bareilly,2014,0.6341299786653143,0,Moderate Risk
Bareilly,2015,0.7244754846132341,0,Moderate Risk
Bareilly,2016,0.7995632359696266,0,Moderate Risk
Bareilly,2017,0.7995632359696266,0,Moderate Risk
Bargarh,2011,0.6253007831636783,0,Moderate Risk
Bargarh,2012,0.8584484756136718,1,High Risk
Bargarh,2013,0.885082936306528,1,High Risk
Bargarh,2014,0.7631473699548711,0,Moderate Risk
Bargarh,2015,0.5238103936948594,0,Moderate Risk
Bargarh,2016,0.5238103936948594,0,Moderate Risk
Bargarh,2017,0.6253007831636783,0,Moderate Risk
Barmer,2011,0.8354388836773256,1,High Risk
Barmer,2012,0.885082936306528,1,High Risk
Barmer,2013,0.7244754846132341,0,Moderate Risk
Barmer,2014,0.7244754846132341,0,Moderate Risk
Barmer,2015,0.7995632359696266,0,Moderate Risk
Barmer,2016,0.7995632359696266,0,Moderate Risk
Barmer,2017,0.6253007831636783,0,Moderate Risk
Barpeta,2011,0.885082936306528,1,High Risk
Barpeta,2012,0.885082936306528,1,High Risk
Barpeta,2013,0.905263355540787,1,High Risk
Barpeta,2014,0.9238702707680505,1,High Risk
Barpeta,2015,0.9484818420188742,1,High Risk
Barpeta,2016,0.9473695492353389,1,High Risk
Barpeta,2017,0.995110910081428,1,High Risk
Barwani,2011,0.7631473699548711,0,Moderate Risk
Barwani,2012,0.7631473699548711,0,Moderate Risk
Barwani,2013,0.5238103936948594,0,Moderate Risk
Barwani,2014,0.5238103936948594,0,Moderate Risk
Barwani,2015,0.6253007831636783,0,Moderate Risk
Barwani,2016,0.6253007831636783,0,Moderate Risk
Barwani,2017,0.6253007831636783,0,Moderate Risk
Basti,2011,0.7631473699548711,0,Moderate Risk
Basti,2012,0.7631473699548711,0,Moderate Risk
Basti,2013,0.5238103936948594,0,Moderate Risk
Basti,2014,0.7998996636626555,0,Moderate Risk
Basti,2015,0.885082936306528,1,High Risk
Basti,2016,0.885082936306528,1,High Risk
Basti,2017,0.7244754846132341,0,Moderate Risk
Bathinda,2011,0.6253007831636783,0,Moderate Risk
Bathinda,2012,0.6253007831636783,0,Moderate Risk
Bathinda,2013,0.6253007831636783,0,Moderate Risk
Bathinda,2014,0.6253007831636783,0,Moderate Risk
Bathinda,2015,0.4111172908619105,0,Moderate Risk
Bathinda,2016,0.4111172908619105,0,Moderate Risk
Bathinda,2017,0.4111172908619105,0,Moderate Risk
Bauda,2011,0.4111172908619105,0,Moderate Risk
Bauda,2012,0.7172791812640505,0,Moderate Risk
Bauda,2013,0.7631473699548711,0,Moderate Risk
Bauda,2014,0.7631473699548711,0,Moderate Risk
Bauda,2015,0.5238103936948594,0,Moderate Risk
Bauda,2016,0.5238103936948594,0,Moderate Risk
Bauda,2017,0.6253007831636783,0,Moderate Risk
Begusarai,2011,0.9369897259555857,1,High Risk
Begusarai,2012,0.8354388836773256,1,High Risk
Begusarai,2013,0.6341299786653143,0,Moderate Risk
Begusarai,2014,0.7244754846132341,0,Moderate Risk
Begusarai,2015,0.7995632359696266,0,Moderate Risk
Begusarai,2016,0.7995632359696266,0,Moderate Risk
Begusarai,2017,0.9354701015814498,1,High Risk
Belgaum,2011,0.9590674833930078,1,High Risk
Belgaum,2012,0.9590674833930078,1,High Risk
Belgaum,2013,0.8055630387793108,1,High Risk
Belgaum,2014,0.8055630387793108,1,High Risk
Belgaum,2015,0.9050830547904776,1,High Risk
Belgaum,2016,0.9050830547904776,1,High Risk
Belgaum,2017,0.9050830547904776,1,High Risk
Bellary,2011,0.9369897259555857,1,High Risk
Bellary,2012,0.9369897259555857,1,High Risk
Bellary,2013,0.6341299786653143,0,Moderate Risk
Bellary,2014,0.6341299786653143,0,Moderate Risk
Bellary,2015,0.7995632359696266,0,Moderate Risk
Bellary,2016,0.7995632359696266,0,Moderate Risk
Bellary,2017,0.7995632359696266,0,Moderate Risk
Betul,2011,0.6253007831636783,0,Moderate Risk
Betul,2012,0.6253007831636783,0,Moderate Risk
Betul,2013,0.6253007831636783,0,Moderate Risk
Betul,2014,0.4111172908619105,0,Moderate Risk
Betul,2015,0.4111172908619105,0,Moderate Risk
Betul,2016,0.4111172908619105,0,Moderate Risk
Betul,2017,0.4111172908619105,0,Moderate Risk
Bhadrak,2011,0.7244754846132341,0,Moderate Risk
Bhadrak,2012,0.905263355540787,1,High Risk
Bhadrak,2013,0.9484818420188742,1,High Risk
Bhadrak,2014,0.9484818420188742,1,High Risk
Bhadrak,2015,0.8627391150237367,1,High Risk
Bhadrak,2016,0.7244754846132341,0,Moderate Risk
Bhadrak,2017,0.7995632359696266,0,Moderate Risk
Bhagalpur,2011,0.9726373451053659,1,High Risk
Bhagalpur,2012,0.9238702707680505,1,High Risk
Bhagalpur,2013,0.8055630387793108,1,High Risk
Bhagalpur,2014,0.8627391150237367,1,High Risk
Bhagalpur,2015,0.7995632359696266,0,Moderate Risk
Bhagalpur,2016,0.7995632359696266,0,Moderate Risk
Bhagalpur,2017,0.9354701015814498,1,High Risk
Bhandara,2011,0.6253007831636783,0,Moderate Risk
Bhandara,2012,0.6253007831636783,0,Moderate Risk
Bhandara,2013,0.6253007831636783,0,Moderate Risk
Bhandara,2014,0.6253007831636783,0,Moderate Risk
Bhandara,2015,0.6253007831636783,0,Moderate Risk
Bhandara,2016,0.4111172908619105,0,Moderate Risk
Bhandara,2017,0.4111172908619105,0,Moderate Risk
Bharuch,2011,0.9050830547904776,1,High Risk
Bharuch,2012,0.7995632359696266,0,Moderate Risk
Bharuch,2013,0.6253007831636783,0,Moderate Risk
Bharuch,2014,0.6253007831636783,0,Moderate Risk
Bharuch,2015,0.6253007831636783,0,Moderate Risk
Bharuch,2016,0.4111172908619105,0,Moderate Risk
Bharuch,2017,0.4111172908619105,0,Moderate Risk
Bhavnagar,2011,0.9050830547904776,1,High Risk
Bhavnagar,2012,0.7995632359696266,0,Moderate Risk
Bhavnagar,2013,0.7995632359696266,0,Moderate Risk
Bhavnagar,2014,0.7995632359696266,0,Moderate Risk
Bhavnagar,2015,0.7995632359696266,0,Moderate Risk
Bhavnagar,2016,0.4111172908619105,0,Moderate Risk
Bhavnagar,2017,0.4111172908619105,0,Moderate Risk
Bhilwara,2011,0.7631473699548711,0,Moderate Risk
Bhilwara,2012,0.7631473699548711,0,Moderate Risk
Bhilwara,2013,0.5238103936948594,0,Moderate Risk
Bhilwara,2014,0.5238103936948594,0,Moderate Risk
Bhilwara,2015,0.6253007831636783,0,Moderate Risk
Bhilwara,2016,0.6253007831636783,0,Moderate Risk
Bhilwara,2017,0.6253007831636783,0,Moderate Risk
Bhind,2011,0.7631473699548711,0,Moderate Risk
Bhind,2012,0.7631473699548711,0,Moderate Risk
Bhind,2013,0.5238103936948594,0,Moderate Risk
Bhind,2014,0.5238103936948594,0,Moderate Risk
Bhind,2015,0.6253007831636783,0,Moderate Risk
Bhind,2016,0.6253007831636783,0,Moderate Risk
Bhind,2017,0.6253007831636783,0,Moderate Risk
Bhiwani,2011,0.4111172908619105,0,Moderate Risk
Bhiwani,2012,0.4111172908619105,0,Moderate Risk
Bhiwani,2013,0.4111172908619105,0,Moderate Risk
Bhiwani,2014,0.4111172908619105,0,Moderate Risk
Bhiwani,2015,0.4111172908619105,0,Moderate Risk
Bhiwani,2016,0.4111172908619105,0,Moderate Risk
Bhiwani,2017,0.4111172908619105,0,Moderate Risk
Bhojpur,2011,0.7631473699548711,0,Moderate Risk
Bhojpur,2012,0.7631473699548711,0,Moderate Risk
Bhojpur,2013,0.5238103936948594,0,Moderate Risk
Bhojpur,2014,0.5238103936948594,0,Moderate Risk
Bhojpur,2015,0.6253007831636783,0,Moderate Risk
Bhojpur,2016,0.6253007831636783,0,Moderate Risk
Bhojpur,2017,0.8584484756136718,1,High Risk
Bhopal,2011,0.4111172908619105,0,Moderate Risk
Bhopal,2012,0.4111172908619105,0,Moderate Risk
Bhopal,2013,0.4111172908619105,0,Moderate Risk
Bhopal,2014,0.7172791812640505,0,Moderate Risk
Bhopal,2015,0.7631473699548711,0,Moderate Risk
Bhopal,2016,0.7631473699548711,0,Moderate Risk
Bhopal,2017,0.7998996636626555,0,Moderate Risk
Bid,2011,0.7631473699548711,0,Moderate Risk
Bid,2012,0.7631473699548711,0,Moderate Risk
Bid,2013,0.5238103936948594,0,Moderate Risk
Bid,2014,0.5238103936948594,0,Moderate Risk
Bid,2015,0.6253007831636783,0,Moderate Risk
Bid,2016,0.6253007831636783,0,Moderate Risk
Bid,2017,0.6253007831636783,0,Moderate Risk
Bidar,2011,0.9369897259555857,1,High Risk
Bidar,2012,0.9369897259555857,1,High Risk
Bidar,2013,0.6341299786653143,0,Moderate Risk
Bidar,2014,0.6341299786653143,0,Moderate Risk
Bidar,2015,0.7995632359696266,0,Moderate Risk
Bidar,2016,0.7995632359696266,0,Moderate Risk
Bidar,2017,0.7995632359696266,0,Moderate Risk
Bijapur,2011,0.8354388836773256,1,High Risk
Bijapur,2012,0.8354388836773256,1,High Risk
Bijapur,2013,0.7244754846132341,0,Moderate Risk
Bijapur,2014,0.7244754846132341,0,Moderate Risk
Bijapur,2015,0.7995632359696266,0,Moderate Risk
Bijapur,2016,0.7995632359696266,0,Moderate Risk
Bijapur,2017,0.7995632359696266,0,Moderate Risk
Bijnor,2011,0.7631473699548711,0,Moderate Risk
Bijnor,2012,0.7631473699548711,0,Moderate Risk
Bijnor,2013,0.5238103936948594,0,Moderate Risk
Bijnor,2014,0.5238103936948594,0,Moderate Risk
Bijnor,2015,0.6253007831636783,0,Moderate Risk
Bijnor,2016,0.6253007831636783,0,Moderate Risk
Bijnor,2017,0.6253007831636783,0,Moderate Risk
Bikaner,2011,0.7631473699548711,0,Moderate Risk
Bikaner,2012,0.7631473699548711,0,Moderate Risk
Bikaner,2013,0.5238103936948594,0,Moderate Risk
Bikaner,2014,0.5238103936948594,0,Moderate Risk
Bikaner,2015,0.6253007831636783,0,Moderate Risk
Bikaner,2016,0.6253007831636783,0,Moderate Risk
Bikaner,2017,0.6253007831636783,0,Moderate Risk
Bilaspur,2011,0.7244754846132341,0,Moderate Risk
Bilaspur,2012,0.7244754846132341,0,Moderate Risk
Bilaspur,2013,0.7995632359696266,0,Moderate Risk
Bilaspur,2014,0.7995632359696266,0,Moderate Risk
Bilaspur,2015,0.7995632359696266,0,Moderate Risk
Bilaspur,2016,0.6253007831636783,0,Moderate Risk
Bilaspur,2017,0.6253007831636783,0,Moderate Risk
Birbhum,2011,0.6253007831636783,0,Moderate Risk
Birbhum,2012,0.6253007831636783,0,Moderate Risk
Birbhum,2013,0.6253007831636783,0,Moderate Risk
Birbhum,2014,0.6253007831636783,0,Moderate Risk
Birbhum,2015,0.6253007831636783,0,Moderate Risk
Birbhum,2016,0.4111172908619105,0,Moderate Risk
Birbhum,2017,0.4111172908619105,0,Moderate Risk
Bishnupur,2011,0.885082936306528,1,High Risk
Bishnupur,2012,0.885082936306528,1,High Risk
Bishnupur,2013,0.7244754846132341,0,Moderate Risk
Bishnupur,2014,0.7244754846132341,0,Moderate Risk
Bishnupur,2015,0.6253007831636783,0,Moderate Risk
Bishnupur,2016,0.6253007831636783,0,Moderate Risk
Bishnupur,2017,0.6817120425620847,0,Moderate Risk
Bokaro,2011,0.7631473699548711,0,Moderate Risk
Bokaro,2012,0.7631473699548711,0,Moderate Risk
Bokaro,2013,0.5238103936948594,0,Moderate Risk
Bokaro,2014,0.5238103936948594,0,Moderate Risk
Bokaro,2015,0.6253007831636783,0,Moderate Risk
Bokaro,2016,0.6253007831636783,0,Moderate Risk
Bokaro,2017,0.6253007831636783,0,Moderate Risk
Bongaigaon,2011,0.7631473699548711,0,Moderate Risk
Bongaigaon,2012,0.7631473699548711,0,Moderate Risk
Bongaigaon,2013,0.7998996636626555,0,Moderate Risk
Bongaigaon,2014,0.8354388836773256,1,High Risk
Bongaigaon,2015,0.885082936306528,1,High Risk
Bongaigaon,2016,0.9473695492353389,1,High Risk
Bongaigaon,2017,0.995110910081428,1,High Risk
Budaun,2011,0.7631473699548711,0,Moderate Risk
Budaun,2012,0.7631473699548711,0,Moderate Risk
Budaun,2013,0.5238103936948594,0,Moderate Risk
Budaun,2014,0.5238103936948594,0,Moderate Risk
Budaun,2015,0.6253007831636783,0,Moderate Risk
Budaun,2016,0.6253007831636783,0,Moderate Risk
Budaun,2017,0.6253007831636783,0,Moderate Risk
Bulandshahr,2011,0.7631473699548711,0,Moderate Risk
Bulandshahr,2012,0.7631473699548711,0,Moderate Risk
Bulandshahr,2013,0.5238103936948594,0,Moderate Risk
Bulandshahr,2014,0.5238103936948594,0,Moderate Risk
Bulandshahr,2015,0.6253007831636783,0,Moderate Risk
Bulandshahr,2016,0.6253007831636783,0,Moderate Risk
Bulandshahr,2017,0.6253007831636783,0,Moderate Risk
Buldana,2011,0.7631473699548711,0,Moderate Risk
Buldana,2012,0.7631473699548711,0,Moderate Risk
Buldana,2013,0.5238103936948594,0,Moderate Risk
Buldana,2014,0.5238103936948594,0,Moderate Risk
Buldana,2015,0.6253007831636783,0,Moderate Risk
Buldana,2016,0.6253007831636783,0,Moderate Risk
Buldana,2017,0.6253007831636783,0,Moderate Risk
Bundi,2011,0.7631473699548711,0,Moderate Risk
Bundi,2012,0.7631473699548711,0,Moderate Risk
Bundi,2013,0.5238103936948594,0,Moderate Risk
Bundi,2014,0.5238103936948594,0,Moderate Risk
Bundi,2015,0.6253007831636783,0,Moderate Risk
Bundi,2016,0.6253007831636783,0,Moderate Risk
Bundi,2017,0.6253007831636783,0,Moderate Risk
Burhanpur,2011,0.7631473699548711,0,Moderate Risk
Burhanpur,2012,0.7631473699548711,0,Moderate Risk
Burhanpur,2013,0.5238103936948594,0,Moderate Risk
Burhanpur,2014,0.5238103936948594,0,Moderate Risk
Burhanpur,2015,0.6253007831636783,0,Moderate Risk
Burhanpur,2016,0.6253007831636783,0,Moderate Risk
Burhanpur,2017,0.6253007831636783,0,Moderate Risk
Buxar,2011,0.7631473699548711,0,Moderate Risk
Buxar,2012,0.7631473699548711,0,Moderate Risk
Buxar,2013,0.5238103936948594,0,Moderate Risk
Buxar,2014,0.5238103936948594,0,Moderate Risk
Buxar,2015,0.6253007831636783,0,Moderate Risk
Buxar,2016,0.6253007831636783,0,Moderate Risk
Buxar,2017,0.8584484756136718,1,High Risk
Cachar,2011,0.8354388836773256,1,High Risk
Cachar,2012,0.8354388836773256,1,High Risk
Cachar,2013,0.7244754846132341,0,Moderate Risk
Cachar,2014,0.7244754846132341,0,Moderate Risk
Cachar,2015,0.7995632359696266,0,Moderate Risk
Cachar,2016,0.9354701015814498,1,High Risk
Cachar,2017,0.9484818420188742,1,High Risk
Chamba,2011,0.885082936306528,1,High Risk
Chamba,2012,0.7631473699548711,0,Moderate Risk
Chamba,2013,0.5238103936948594,0,Moderate Risk
Chamba,2014,0.5238103936948594,0,Moderate Risk
Chamba,2015,0.6253007831636783,0,Moderate Risk
Chamba,2016,0.6253007831636783,0,Moderate Risk
Chamba,2017,0.6253007831636783,0,Moderate Risk
Chamoli,2011,0.4111172908619105,0,Moderate Risk
Chamoli,2012,0.4111172908619105,0,Moderate Risk
Chamoli,2013,0.4111172908619105,0,Moderate Risk
Chamoli,2014,0.4111172908619105,0,Moderate Risk
Chamoli,2015,0.4111172908619105,0,Moderate Risk
Chamoli,2016,0.4111172908619105,0,Moderate Risk
Chamoli,2017,0.7172791812640505,0,Moderate Risk
Chamrajnagar,2011,0.7631473699548711,0,Moderate Risk
Chamrajnagar,2012,0.7631473699548711,0,Moderate Risk
Chamrajnagar,2013,0.5238103936948594,0,Moderate Risk
Chamrajnagar,2014,0.5238103936948594,0,Moderate Risk
Chamrajnagar,2015,0.6253007831636783,0,Moderate Risk
Chamrajnagar,2016,0.6253007831636783,0,Moderate Risk
Chamrajnagar,2017,0.6253007831636783,0,Moderate Risk
Chandauli,2011,0.8354388836773256,1,High Risk
Chandauli,2012,0.885082936306528,1,High Risk
Chandauli,2013,0.7244754846132341,0,Moderate Risk
Chandauli,2014,0.7244754846132341,0,Moderate Risk
Chandauli,2015,0.7995632359696266,0,Moderate Risk
Chandauli,2016,0.7995632359696266,0,Moderate Risk
Chandauli,2017,0.6253007831636783,0,Moderate Risk
Chandel,2011,0.7631473699548711,0,Moderate Risk
Chandel,2012,0.7631473699548711,0,Moderate Risk
Chandel,2013,0.5238103936948594,0,Moderate Risk
Chandel,2014,0.5238103936948594,0,Moderate Risk
Chandel,2015,0.6253007831636783,0,Moderate Risk
Chandel,2016,0.6253007831636783,0,Moderate Risk
Chandel,2017,0.6253007831636783,0,Moderate Risk
Chandrapur,2011,0.7631473699548711,0,Moderate Risk
Chandrapur,2012,0.7631473699548711,0,Moderate Risk
Chandrapur,2013,0.5238103936948594,0,Moderate Risk
Chandrapur,2014,0.5238103936948594,0,Moderate Risk
Chandrapur,2015,0.6253007831636783,0,Moderate Risk
Chandrapur,2016,0.6253007831636783,0,Moderate Risk
Chandrapur,2017,0.6253007831636783,0,Moderate Risk
Changlang,2011,0.6253007831636783,0,Moderate Risk
Changlang,2012,0.6253007831636783,0,Moderate Risk
Changlang,2013,0.6253007831636783,0,Moderate Risk
Changlang,2014,0.6253007831636783,0,Moderate Risk
Changlang,2015,0.6253007831636783,0,Moderate Risk
Changlang,2016,0.4111172908619105,0,Moderate Risk
Changlang,2017,0.4111172908619105,0,Moderate Risk
Chatra,2011,0.7631473699548711,0,Moderate Risk
Chatra,2012,0.7631473699548711,0,Moderate Risk
Chatra,2013,0.5238103936948594,0,Moderate Risk
Chatra,2014,0.5238103936948594,0,Moderate Risk
Chatra,2015,0.6253007831636783,0,Moderate Risk
Chatra,2016,0.6253007831636783,0,Moderate Risk
Chatra,2017,0.6253007831636783,0,Moderate Risk
Chennai,2011,0.9852736647069577,1,High Risk
Chennai,2012,0.9666761589982051,1,High Risk
Chennai,2013,0.9666761589982051,1,High Risk
Chennai,2014,0.9375958145378523,1,High Risk
Chennai,2015,0.8627391150237367,1,High Risk
Chennai,2016,0.9354701015814498,1,High Risk
Chennai,2017,0.9863503063747091,1,High Risk
Chhatarpur,2011,0.7631473699548711,0,Moderate Risk
Chhatarpur,2012,0.7631473699548711,0,Moderate Risk
Chhatarpur,2013,0.5238103936948594,0,Moderate Risk
Chhatarpur,2014,0.5238103936948594,0,Moderate Risk
Chhatarpur,2015,0.6253007831636783,0,Moderate Risk
Chhatarpur,2016,0.6253007831636783,0,Moderate Risk
Chhatarpur,2017,0.6253007831636783,0,Moderate Risk
Chhota Udaipur,2011,0.4111172908619105,0,Moderate Risk
Chhota Udaipur,2012,0.4111172908619105,0,Moderate Risk
Chhota Udaipur,2013,0.4111172908619105,0,Moderate Risk
Chhota Udaipur,2014,0.4111172908619105,0,Moderate Risk
Chhota Udaipur,2015,0.4111172908619105,0,Moderate Risk
Chhota Udaipur,2016,0.4111172908619105,0,Moderate Risk
Chhota Udaipur,2017,0.7172791812640505,0,Moderate Risk
Chirang,2011,0.4111172908619105,0,Moderate Risk
Chirang,2012,0.4111172908619105,0,Moderate Risk
Chirang,2013,0.7172791812640505,0,Moderate Risk
Chirang,2014,0.9213162524568798,1,High Risk
Chirang,2015,0.9369897259555857,1,High Risk
Chirang,2016,0.8354388836773256,1,High Risk
Chirang,2017,0.6341299786653143,0,Moderate Risk
Chitradurga,2011,0.7631473699548711,0,Moderate Risk
Chitradurga,2012,0.7631473699548711,0,Moderate Risk
Chitradurga,2013,0.5238103936948594,0,Moderate Risk
Chitradurga,2014,0.5238103936948594,0,Moderate Risk
Chitradurga,2015,0.6253007831636783,0,Moderate Risk
Chitradurga,2016,0.6253007831636783,0,Moderate Risk
Chitradurga,2017,0.6253007831636783,0,Moderate Risk
Chitrakoot,2011,0.7631473699548711,0,Moderate Risk
Chitrakoot,2012,0.7631473699548711,0,Moderate Risk
Chitrakoot,2013,0.5238103936948594,0,Moderate Risk
Chitrakoot,2014,0.5238103936948594,0,Moderate Risk
Chitrakoot,2015,0.6253007831636783,0,Moderate Risk
Chitrakoot,2016,0.6253007831636783,0,Moderate Risk
Chitrakoot,2017,0.6253007831636783,0,Moderate Risk
Chittaurgarh,2011,0.7631473699548711,0,Moderate Risk
Chittaurgarh,2012,0.7631473699548711,0,Moderate Risk
Chittaurgarh,2013,0.5238103936948594,0,Moderate Risk
Chittaurgarh,2014,0.5238103936948594,0,Moderate Risk
Chittaurgarh,2015,0.6253007831636783,0,Moderate Risk
Chittaurgarh,2016,0.6253007831636783,0,Moderate Risk
Chittaurgarh,2017,0.6253007831636783,0,Moderate Risk
Chittoor,2011,0.6253007831636783,0,Moderate Risk
Chittoor,2012,0.6253007831636783,0,Moderate Risk
Chittoor,2013,0.6253007831636783,0,Moderate Risk
Chittoor,2014,0.6253007831636783,0,Moderate Risk
Chittoor,2015,0.6253007831636783,0,Moderate Risk
Chittoor,2016,0.7172791812640505,0,Moderate Risk
Chittoor,2017,0.7631473699548711,0,Moderate Risk
Churachandpur,2011,0.7631473699548711,0,Moderate Risk
Churachandpur,2012,0.7631473699548711,0,Moderate Risk
Churachandpur,2013,0.5238103936948594,0,Moderate Risk
Churachandpur,2014,0.5238103936948594,0,Moderate Risk
Churachandpur,2015,0.6253007831636783,0,Moderate Risk
Churachandpur,2016,0.6253007831636783,0,Moderate Risk
Churachandpur,2017,0.6253007831636783,0,Moderate Risk
Churu,2011,0.7631473699548711,0,Moderate Risk
Churu,2012,0.7631473699548711,0,Moderate Risk
Churu,2013,0.5238103936948594,0,Moderate Risk
Churu,2014,0.5238103936948594,0,Moderate Risk
Churu,2015,0.6253007831636783,0,Moderate Risk
Churu,2016,0.6253007831636783,0,Moderate Risk
Churu,2017,0.6253007831636783,0,Moderate Risk
Cuddalore,2011,0.9852736647069577,1,High Risk
Cuddalore,2012,0.9912936368395159,1,High Risk
Cuddalore,2013,0.9925860618586169,1,High Risk
Cuddalore,2014,0.9857837047778802,1,High Risk
Cuddalore,2015,0.9082865693922062,1,High Risk
Cuddalore,2016,0.9580564755421112,1,High Risk
Cuddalore,2017,0.9777820433191943,1,High Risk
Cuttack,2011,0.9082865693922062,1,High Risk
Cuttack,2012,0.9377186051296478,1,High Risk
Cuttack,2013,0.9777820433191943,1,High Risk
Cuttack,2014,0.9484818420188742,1,High Risk
Cuttack,2015,0.8627391150237367,1,High Risk
Cuttack,2016,0.8627391150237367,1,High Risk
Cuttack,2017,0.9050830547904776,1,High Risk
Dahod,2011,0.6253007831636783,0,Moderate Risk
Dahod,2012,0.4111172908619105,0,Moderate Risk
Dahod,2013,0.4111172908619105,0,Moderate Risk
Dahod,2014,0.4111172908619105,0,Moderate Risk
Dahod,2015,0.4111172908619105,0,Moderate Risk
Dahod,2016,0.4111172908619105,0,Moderate Risk
Dahod,2017,0.4111172908619105,0,Moderate Risk
Dakshina Kannada,2011,0.4111172908619105,0,Moderate Risk
Dakshina Kannada,2012,0.4111172908619105,0,Moderate Risk
Dakshina Kannada,2013,0.4111172908619105,0,Moderate Risk
Dakshina Kannada,2014,0.4111172908619105,0,Moderate Risk
Dakshina Kannada,2015,0.4111172908619105,0,Moderate Risk
Dakshina Kannada,2016,0.4111172908619105,0,Moderate Risk
Dakshina Kannada,2017,0.4111172908619105,0,Moderate Risk
Damoh,2011,0.885082936306528,1,High Risk
Damoh,2012,0.885082936306528,1,High Risk
Damoh,2013,0.7244754846132341,0,Moderate Risk
Damoh,2014,0.7244754846132341,0,Moderate Risk
Damoh,2015,0.7995632359696266,0,Moderate Risk
Damoh,2016,0.6253007831636783,0,Moderate Risk
Damoh,2017,0.8584484756136718,1,High Risk
Darbhanga,2011,0.9484818420188742,1,High Risk
Darbhanga,2012,0.9484818420188742,1,High Risk
Darbhanga,2013,0.8627391150237367,1,High Risk
Darbhanga,2014,0.8627391150237367,1,High Risk
Darbhanga,2015,0.7995632359696266,0,Moderate Risk
Darbhanga,2016,0.6253007831636783,0,Moderate Risk
Darbhanga,2017,0.8584484756136718,1,High Risk
Darjiling,2011,0.885082936306528,1,High Risk
Darjiling,2012,0.885082936306528,1,High Risk
Darjiling,2013,0.5238103936948594,0,Moderate Risk
Darjiling,2014,0.5238103936948594,0,Moderate Risk
Darjiling,2015,0.6253007831636783,0,Moderate Risk
Darjiling,2016,0.8584484756136718,1,High Risk
Darjiling,2017,0.885082936306528,1,High Risk
Darrang,2011,0.9238702707680505,1,High Risk
Darrang,2012,0.9238702707680505,1,High Risk
Darrang,2013,0.9580564755421112,1,High Risk
Darrang,2014,0.9666761589982051,1,High Risk
Darrang,2015,0.9484818420188742,1,High Risk
Darrang,2016,0.9936454271399969,1,High Risk
Darrang,2017,0.9995548558574657,1,High Risk
Datia,2011,0.7631473699548711,0,Moderate Risk
Datia,2012,0.7631473699548711,0,Moderate Risk
Datia,2013,0.5238103936948594,0,Moderate Risk
Datia,2014,0.5238103936948594,0,Moderate Risk
Datia,2015,0.6253007831636783,0,Moderate Risk
Datia,2016,0.6253007831636783,0,Moderate Risk
Datia,2017,0.6253007831636783,0,Moderate Risk
Dausa,2011,0.7631473699548711,0,Moderate Risk
Dausa,2012,0.7631473699548711,0,Moderate Risk
Dausa,2013,0.5238103936948594,0,Moderate Risk
Dausa,2014,0.5238103936948594,0,Moderate Risk
Dausa,2015,0.6253007831636783,0,Moderate Risk
Dausa,2016,0.6253007831636783,0,Moderate Risk
Dausa,2017,0.6253007831636783,0,Moderate Risk
Davanagere,2011,0.9369897259555857,1,High Risk
Davanagere,2012,0.9369897259555857,1,High Risk
Davanagere,2013,0.6341299786653143,0,Moderate Risk
Davanagere,2014,0.6341299786653143,0,Moderate Risk
Davanagere,2015,0.7995632359696266,0,Moderate Risk
Davanagere,2016,0.7995632359696266,0,Moderate Risk
Davanagere,2017,0.7995632359696266,0,Moderate Risk
Dehradun,2011,0.6253007831636783,0,Moderate Risk
Dehradun,2012,0.6253007831636783,0,Moderate Risk
Dehradun,2013,0.6253007831636783,0,Moderate Risk
Dehradun,2014,0.6253007831636783,0,Moderate Risk
Dehradun,2015,0.6253007831636783,0,Moderate Risk
Dehradun,2016,0.4111172908619105,0,Moderate Risk
Dehradun,2017,0.4111172908619105,0,Moderate Risk
Deoghar,2011,0.7631473699548711,0,Moderate Risk
Deoghar,2012,0.9213162524568798,1,High Risk
Deoghar,2013,0.8354388836773256,1,High Risk
Deoghar,2014,0.8354388836773256,1,High Risk
Deoghar,2015,0.7244754846132341,0,Moderate Risk
Deoghar,2016,0.9116651045865156,1,High Risk
Deoghar,2017,0.9484818420188742,1,High Risk
Deoria,2011,0.7631473699548711,0,Moderate Risk
Deoria,2012,0.7631473699548711,0,Moderate Risk
Deoria,2013,0.5238103936948594,0,Moderate Risk
Deoria,2014,0.5238103936948594,0,Moderate Risk
Deoria,2015,0.6253007831636783,0,Moderate Risk
Deoria,2016,0.6253007831636783,0,Moderate Risk
Deoria,2017,0.6253007831636783,0,Moderate Risk
Dewas,2011,0.7631473699548711,0,Moderate Risk
Dewas,2012,0.7631473699548711,0,Moderate Risk
Dewas,2013,0.5238103936948594,0,Moderate Risk
Dewas,2014,0.5238103936948594,0,Moderate Risk
Dewas,2015,0.6253007831636783,0,Moderate Risk
Dewas,2016,0.6253007831636783,0,Moderate Risk
Dewas,2017,0.6253007831636783,0,Moderate Risk
Dhanbad,2011,0.7631473699548711,0,Moderate Risk
Dhanbad,2012,0.7631473699548711,0,Moderate Risk
Dhanbad,2013,0.5238103936948594,0,Moderate Risk
Dhanbad,2014,0.5238103936948594,0,Moderate Risk
Dhanbad,2015,0.6253007831636783,0,Moderate Risk
Dhanbad,2016,0.6253007831636783,0,Moderate Risk
Dhanbad,2017,0.6253007831636783,0,Moderate Risk
Dhar,2011,0.6253007831636783,0,Moderate Risk
Dhar,2012,0.6253007831636783,0,Moderate Risk
Dhar,2013,0.6253007831636783,0,Moderate Risk
Dhar,2014,0.6253007831636783,0,Moderate Risk
Dhar,2015,0.6253007831636783,0,Moderate Risk
Dhar,2016,0.4111172908619105,0,Moderate Risk
Dhar,2017,0.4111172908619105,0,Moderate Risk
Dharmapuri,2011,0.6253007831636783,0,Moderate Risk
Dharmapuri,2012,0.6253007831636783,0,Moderate Risk
Dharmapuri,2013,0.6253007831636783,0,Moderate Risk
Dharmapuri,2014,0.6253007831636783,0,Moderate Risk
Dharmapuri,2015,0.6253007831636783,0,Moderate Risk
Dharmapuri,2016,0.4111172908619105,0,Moderate Risk
Dharmapuri,2017,0.4111172908619105,0,Moderate Risk
Dharwad,2011,0.7631473699548711,0,Moderate Risk
Dharwad,2012,0.7631473699548711,0,Moderate Risk
Dharwad,2013,0.5238103936948594,0,Moderate Risk
Dharwad,2014,0.5238103936948594,0,Moderate Risk
Dharwad,2015,0.6253007831636783,0,Moderate Risk
Dharwad,2016,0.6253007831636783,0,Moderate Risk
Dharwad,2017,0.6253007831636783,0,Moderate Risk
Dhemaji,2011,0.9925860618586169,1,High Risk
Dhemaji,2012,0.9983460936388021,1,High Risk
Dhemaji,2013,0.9994545890541028,1,High Risk
Dhemaji,2014,0.9999220669472902,1,High Risk
Dhemaji,2015,0.9991710566019725,1,High Risk
Dhemaji,2016,0.9999357524605381,1,High Risk
Dhemaji,2017,0.9999837062072457,1,High Risk
Dhenkanal,2011,0.4111172908619105,0,Moderate Risk
Dhenkanal,2012,0.7172791812640505,0,Moderate Risk
Dhenkanal,2013,0.7631473699548711,0,Moderate Risk
Dhenkanal,2014,0.7631473699548711,0,Moderate Risk
Dhenkanal,2015,0.5238103936948594,0,Moderate Risk
Dhenkanal,2016,0.5238103936948594,0,Moderate Risk
Dhenkanal,2017,0.6253007831636783,0,Moderate Risk
Dhubri,2011,0.885082936306528,1,High Risk
Dhubri,2012,0.885082936306528,1,High Risk
Dhubri,2013,0.905263355540787,1,High Risk
Dhubri,2014,0.8354388836773256,1,High Risk
Dhubri,2015,0.885082936306528,1,High Risk
Dhubri,2016,0.905263355540787,1,High Risk
Dhubri,2017,0.9778276307651528,1,High Risk
Dhule,2011,0.7631473699548711,0,Moderate Risk
Dhule,2012,0.7631473699548711,0,Moderate Risk
Dhule,2013,0.5238103936948594,0,Moderate Risk
Dhule,2014,0.5238103936948594,0,Moderate Risk
Dhule,2015,0.6253007831636783,0,Moderate Risk
Dhule,2016,0.6253007831636783,0,Moderate Risk
Dhule,2017,0.6253007831636783,0,Moderate Risk
Dibrugarh,2011,0.9238702707680505,1,High Risk
Dibrugarh,2012,0.9238702707680505,1,High Risk
Dibrugarh,2013,0.8627391150237367,1,High Risk
Dibrugarh,2014,0.8627391150237367,1,High Risk
Dibrugarh,2015,0.9050830547904776,1,High Risk
Dibrugarh,2016,0.9646746442352202,1,High Risk
Dibrugarh,2017,0.9883679383784212,1,High Risk
Dimapur,2011,0.7631473699548711,0,Moderate Risk
Dimapur,2012,0.7631473699548711,0,Moderate Risk
Dimapur,2013,0.5238103936948594,0,Moderate Risk
Dimapur,2014,0.5238103936948594,0,Moderate Risk
Dimapur,2015,0.6253007831636783,0,Moderate Risk
Dimapur,2016,0.6253007831636783,0,Moderate Risk
Dimapur,2017,0.6253007831636783,0,Moderate Risk
Dindigul,2011,0.4111172908619105,0,Moderate Risk
Dindigul,2012,0.4111172908619105,0,Moderate Risk
Dindigul,2013,0.4111172908619105,0,Moderate Risk
Dindigul,2014,0.4111172908619105,0,Moderate Risk
Dindigul,2015,0.4111172908619105,0,Moderate Risk
Dindigul,2016,0.4111172908619105,0,Moderate Risk
Dindigul,2017,0.4111172908619105,0,Moderate Risk
Dindori,2011,0.7631473699548711,0,Moderate Risk
Dindori,2012,0.7631473699548711,0,Moderate Risk
Dindori,2013,0.5238103936948594,0,Moderate Risk
Dindori,2014,0.5238103936948594,0,Moderate Risk
Dindori,2015,0.6253007831636783,0,Moderate Risk
Dindori,2016,0.6253007831636783,0,Moderate Risk
Dindori,2017,0.6253007831636783,0,Moderate Risk
Doda,2011,0.4111172908619105,0,Moderate Risk
Doda,2012,0.4111172908619105,0,Moderate Risk
Doda,2013,0.4111172908619105,0,Moderate Risk
Doda,2014,0.47257584948909026,0,Moderate Risk
Doda,2015,0.7631473699548711,0,Moderate Risk
Doda,2016,0.7631473699548711,0,Moderate Risk
Doda,2017,0.5238103936948594,0,Moderate Risk
Dumka,2011,0.7631473699548711,0,Moderate Risk
Dumka,2012,0.7631473699548711,0,Moderate Risk
Dumka,2013,0.5238103936948594,0,Moderate Risk
Dumka,2014,0.5238103936948594,0,Moderate Risk
Dumka,2015,0.6253007831636783,0,Moderate Risk
Dumka,2016,0.6253007831636783,0,Moderate Risk
Dumka,2017,0.6253007831636783,0,Moderate Risk
Dungarpur,2011,0.7631473699548711,0,Moderate Risk
Dungarpur,2012,0.7631473699548711,0,Moderate Risk
Dungarpur,2013,0.5238103936948594,0,Moderate Risk
Dungarpur,2014,0.5238103936948594,0,Moderate Risk
Dungarpur,2015,0.6253007831636783,0,Moderate Risk
Dungarpur,2016,0.6253007831636783,0,Moderate Risk
Dungarpur,2017,0.6253007831636783,0,Moderate Risk
Durg,2011,0.7244754846132341,0,Moderate Risk
Durg,2012,0.7244754846132341,0,Moderate Risk
Durg,2013,0.7995632359696266,0,Moderate Risk
Durg,2014,0.7995632359696266,0,Moderate Risk
Durg,2015,0.7995632359696266,0,Moderate Risk
Durg,2016,0.6253007831636783,0,Moderate Risk
Durg,2017,0.6253007831636783,0,Moderate Risk
East Godavari,2011,0.7244754846132341,0,Moderate Risk
East Godavari,2012,0.7244754846132341,0,Moderate Risk
East Godavari,2013,0.7995632359696266,0,Moderate Risk
East Godavari,2014,0.9399660203007764,1,High Risk
East Godavari,2015,0.885082936306528,1,High Risk
East Godavari,2016,0.885082936306528,1,High Risk
East Godavari,2017,0.7244754846132341,0,Moderate Risk
East Sikkim,2011,0.4111172908619105,0,Moderate Risk
East Sikkim,2012,0.4111172908619105,0,Moderate Risk
East Sikkim,2013,0.4111172908619105,0,Moderate Risk
East Sikkim,2014,0.4111172908619105,0,Moderate Risk
East Sikkim,2015,0.4111172908619105,0,Moderate Risk
East Sikkim,2016,0.4111172908619105,0,Moderate Risk
East Sikkim,2017,0.4111172908619105,0,Moderate Risk
Ernakulam,2011,0.6253007831636783,0,Moderate Risk
Ernakulam,2012,0.6253007831636783,0,Moderate Risk
Ernakulam,2013,0.6253007831636783,0,Moderate Risk
Ernakulam,2014,0.6253007831636783,0,Moderate Risk
Ernakulam,2015,0.4111172908619105,0,Moderate Risk
Ernakulam,2016,0.4111172908619105,0,Moderate Risk
Ernakulam,2017,0.4111172908619105,0,Moderate Risk
Erode,2011,0.6253007831636783,0,Moderate Risk
Erode,2012,0.6253007831636783,0,Moderate Risk
Erode,2013,0.6253007831636783,0,Moderate Risk
Erode,2014,0.6253007831636783,0,Moderate Risk
Erode,2015,0.6253007831636783,0,Moderate Risk
Erode,2016,0.4111172908619105,0,Moderate Risk
Erode,2017,0.4111172908619105,0,Moderate Risk
Etah,2011,0.7631473699548711,0,Moderate Risk
Etah,2012,0.7631473699548711,0,Moderate Risk
Etah,2013,0.5238103936948594,0,Moderate Risk
Etah,2014,0.5238103936948594,0,Moderate Risk
Etah,2015,0.6253007831636783,0,Moderate Risk
Etah,2016,0.6253007831636783,0,Moderate Risk
Etah,2017,0.6253007831636783,0,Moderate Risk
Etawah,2011,0.7631473699548711,0,Moderate Risk
Etawah,2012,0.7631473699548711,0,Moderate Risk
Etawah,2013,0.5238103936948594,0,Moderate Risk
Etawah,2014,0.5238103936948594,0,Moderate Risk
Etawah,2015,0.6253007831636783,0,Moderate Risk
Etawah,2016,0.6253007831636783,0,Moderate Risk
Etawah,2017,0.6253007831636783,0,Moderate Risk
Faizabad,2011,0.7631473699548711,0,Moderate Risk
Faizabad,2012,0.9213162524568798,1,High Risk
Faizabad,2013,0.8354388836773256,1,High Risk
Faizabad,2014,0.9485843871723824,1,High Risk
Faizabad,2015,0.9778276307651528,1,High Risk
Faizabad,2016,0.9824585984333928,1,High Risk
Faizabad,2017,0.9666761589982051,1,High Risk
Farrukhabad,2011,0.7631473699548711,0,Moderate Risk
Farrukhabad,2012,0.7631473699548711,0,Moderate Risk
Farrukhabad,2013,0.5238103936948594,0,Moderate Risk
Farrukhabad,2014,0.5238103936948594,0,Moderate Risk
Farrukhabad,2015,0.6253007831636783,0,Moderate Risk
Farrukhabad,2016,0.6253007831636783,0,Moderate Risk
Farrukhabad,2017,0.6253007831636783,0,Moderate Risk
Fatehpur,2011,0.7631473699548711,0,Moderate Risk
Fatehpur,2012,0.7631473699548711,0,Moderate Risk
Fatehpur,2013,0.5238103936948594,0,Moderate Risk
Fatehpur,2014,0.5238103936948594,0,Moderate Risk
Fatehpur,2015,0.6253007831636783,0,Moderate Risk
Fatehpur,2016,0.6253007831636783,0,Moderate Risk
Fatehpur,2017,0.6253007831636783,0,Moderate Risk
Firozabad,2011,0.7631473699548711,0,Moderate Risk
Firozabad,2012,0.7631473699548711,0,Moderate Risk
Firozabad,2013,0.5238103936948594,0,Moderate Risk
Firozabad,2014,0.5238103936948594,0,Moderate Risk
Firozabad,2015,0.6253007831636783,0,Moderate Risk
Firozabad,2016,0.6253007831636783,0,Moderate Risk
Firozabad,2017,0.6253007831636783,0,Moderate Risk
Gadag,2011,0.9590674833930078,1,High Risk
Gadag,2012,0.9590674833930078,1,High Risk
Gadag,2013,0.8055630387793108,1,High Risk
Gadag,2014,0.8055630387793108,1,High Risk
Gadag,2015,0.9050830547904776,1,High Risk
Gadag,2016,0.9050830547904776,1,High Risk
Gadag,2017,0.9050830547904776,1,High Risk
Gajapati,2011,0.7244754846132341,0,Moderate Risk
Gajapati,2012,0.7995632359696266,0,Moderate Risk
Gajapati,2013,0.7995632359696266,0,Moderate Risk
Gajapati,2014,0.6253007831636783,0,Moderate Risk
Gajapati,2015,0.6253007831636783,0,Moderate Risk
Gajapati,2016,0.6253007831636783,0,Moderate Risk
Gajapati,2017,0.4111172908619105,0,Moderate Risk
Ganderbal,2011,0.4111172908619105,0,Moderate Risk
Ganderbal,2012,0.4111172908619105,0,Moderate Risk
Ganderbal,2013,0.4111172908619105,0,Moderate Risk
Ganderbal,2014,0.4111172908619105,0,Moderate Risk
Ganderbal,2015,0.4111172908619105,0,Moderate Risk
Ganderbal,2016,0.4111172908619105,0,Moderate Risk
Ganderbal,2017,0.4111172908619105,0,Moderate Risk
Gandhinagar,2011,0.7995632359696266,0,Moderate Risk
Gandhinagar,2012,0.6253007831636783,0,Moderate Risk
Gandhinagar,2013,0.6253007831636783,0,Moderate Risk
Gandhinagar,2014,0.6253007831636783,0,Moderate Risk
Gandhinagar,2015,0.6253007831636783,0,Moderate Risk
Gandhinagar,2016,0.4111172908619105,0,Moderate Risk
Gandhinagar,2017,0.4111172908619105,0,Moderate Risk
Ganganagar,2011,0.7631473699548711,0,Moderate Risk
Ganganagar,2012,0.7631473699548711,0,Moderate Risk
Ganganagar,2013,0.5238103936948594,0,Moderate Risk
Ganganagar,2014,0.5238103936948594,0,Moderate Risk
Ganganagar,2015,0.6253007831636783,0,Moderate Risk
Ganganagar,2016,0.6253007831636783,0,Moderate Risk
Ganganagar,2017,0.6253007831636783,0,Moderate Risk
Ganjam,2011,0.7995632359696266,0,Moderate Risk
Ganjam,2012,0.7995632359696266,0,Moderate Risk
Ganjam,2013,0.6253007831636783,0,Moderate Risk
Ganjam,2014,0.4111172908619105,0,Moderate Risk
Ganjam,2015,0.4111172908619105,0,Moderate Risk
Ganjam,2016,0.4111172908619105,0,Moderate Risk
Ganjam,2017,0.4111172908619105,0,Moderate Risk
Garhchiroli,2011,0.7631473699548711,0,Moderate Risk
Garhchiroli,2012,0.7631473699548711,0,Moderate Risk
Garhchiroli,2013,0.5238103936948594,0,Moderate Risk
Garhchiroli,2014,0.5238103936948594,0,Moderate Risk
Garhchiroli,2015,0.6253007831636783,0,Moderate Risk
Garhchiroli,2016,0.6253007831636783,0,Moderate Risk
Garhchiroli,2017,0.6253007831636783,0,Moderate Risk
Garhwa,2011,0.7631473699548711,0,Moderate Risk
Garhwa,2012,0.7631473699548711,0,Moderate Risk
Garhwa,2013,0.5238103936948594,0,Moderate Risk
Garhwa,2014,0.5238103936948594,0,Moderate Risk
Garhwa,2015,0.6253007831636783,0,Moderate Risk
Garhwa,2016,0.6253007831636783,0,Moderate Risk
Garhwa,2017,0.6253007831636783,0,Moderate Risk
Gautam Buddha Nagar,2011,0.7631473699548711,0,Moderate Risk
Gautam Buddha Nagar,2012,0.7631473699548711,0,Moderate Risk
Gautam Buddha Nagar,2013,0.5238103936948594,0,Moderate Risk
Gautam Buddha Nagar,2014,0.5238103936948594,0,Moderate Risk
Gautam Buddha Nagar,2015,0.6253007831636783,0,Moderate Risk
Gautam Buddha Nagar,2016,0.6253007831636783,0,Moderate Risk
Gautam Buddha Nagar,2017,0.6253007831636783,0,Moderate Risk
Gaya,2011,0.7631473699548711,0,Moderate Risk
Gaya,2012,0.7631473699548711,0,Moderate Risk
Gaya,2013,0.5238103936948594,0,Moderate Risk
Gaya,2014,0.5238103936948594,0,Moderate Risk
Gaya,2015,0.6253007831636783,0,Moderate Risk
Gaya,2016,0.6253007831636783,0,Moderate Risk
Gaya,2017,0.6253007831636783,0,Moderate Risk
Ghaziabad,2011,0.7631473699548711,0,Moderate Risk
Ghaziabad,2012,0.7631473699548711,0,Moderate Risk
Ghaziabad,2013,0.5238103936948594,0,Moderate Risk
Ghaziabad,2014,0.5238103936948594,0,Moderate Risk
Ghaziabad,2015,0.8675508523615099,1,High Risk
Ghaziabad,2016,0.885082936306528,1,High Risk
Ghaziabad,2017,0.9655045832249007,1,High Risk
Ghazipur,2011,0.7631473699548711,0,Moderate Risk
Ghazipur,2012,0.7631473699548711,0,Moderate Risk
Ghazipur,2013,0.5238103936948594,0,Moderate Risk
Ghazipur,2014,0.5238103936948594,0,Moderate Risk
Ghazipur,2015,0.6253007831636783,0,Moderate Risk
Ghazipur,2016,0.6253007831636783,0,Moderate Risk
Ghazipur,2017,0.8584484756136718,1,High Risk
Giridih,2011,0.7631473699548711,0,Moderate Risk
Giridih,2012,0.7631473699548711,0,Moderate Risk
Giridih,2013,0.5238103936948594,0,Moderate Risk
Giridih,2014,0.5238103936948594,0,Moderate Risk
Giridih,2015,0.6253007831636783,0,Moderate Risk
Giridih,2016,0.6253007831636783,0,Moderate Risk
Giridih,2017,0.6253007831636783,0,Moderate Risk
Goalpara,2011,0.9484818420188742,1,High Risk
Goalpara,2012,0.9484818420188742,1,High Risk
Goalpara,2013,0.9580564755421112,1,High Risk
Goalpara,2014,0.9666761589982051,1,High Risk
Goalpara,2015,0.9852736647069577,1,High Risk
Goalpara,2016,0.9966986256574022,1,High Risk
Goalpara,2017,0.9997693943973653,1,High Risk
Godda,2011,0.7631473699548711,0,Moderate Risk
Godda,2012,0.7631473699548711,0,Moderate Risk
Godda,2013,0.5238103936948594,0,Moderate Risk
Godda,2014,0.5238103936948594,0,Moderate Risk
Godda,2015,0.6253007831636783,0,Moderate Risk
Godda,2016,0.6253007831636783,0,Moderate Risk
Godda,2017,0.6253007831636783,0,Moderate Risk
Golaghat,2011,0.7631473699548711,0,Moderate Risk
Golaghat,2012,0.7631473699548711,0,Moderate Risk
Golaghat,2013,0.5238103936948594,0,Moderate Risk
Golaghat,2014,0.7998996636626555,0,Moderate Risk
Golaghat,2015,0.885082936306528,1,High Risk
Golaghat,2016,0.885082936306528,1,High Risk
Golaghat,2017,0.9720089102004819,1,High Risk
Gonda,2011,0.5238103936948594,0,Moderate Risk
Gonda,2012,0.8584484756136718,1,High Risk
Gonda,2013,0.885082936306528,1,High Risk
Gonda,2014,0.9655045832249007,1,High Risk
Gonda,2015,0.9778276307651528,1,High Risk
Gonda,2016,0.9824585984333928,1,High Risk
Gonda,2017,0.9238702707680505,1,High Risk
Gondiya,2011,0.6253007831636783,0,Moderate Risk
Gondiya,2012,0.6253007831636783,0,Moderate Risk
Gondiya,2013,0.6253007831636783,0,Moderate Risk
Gondiya,2014,0.6253007831636783,0,Moderate Risk
Gondiya,2015,0.6253007831636783,0,Moderate Risk
Gondiya,2016,0.4111172908619105,0,Moderate Risk
Gondiya,2017,0.4111172908619105,0,Moderate Risk
Gopalganj,2011,0.9050830547904776,1,High Risk
Gopalganj,2012,0.4111172908619105,0,Moderate Risk
Gopalganj,2013,0.4111172908619105,0,Moderate Risk
Gopalganj,2014,0.4111172908619105,0,Moderate Risk
Gopalganj,2015,0.4111172908619105,0,Moderate Risk
Gopalganj,2016,0.4111172908619105,0,Moderate Risk
Gopalganj,2017,0.7172791812640505,0,Moderate Risk
Gorakhpur,2011,0.4111172908619105,0,Moderate Risk
Gorakhpur,2012,0.4111172908619105,0,Moderate Risk
Gorakhpur,2013,0.4111172908619105,0,Moderate Risk
Gorakhpur,2014,0.7172791812640505,0,Moderate Risk
Gorakhpur,2015,0.7631473699548711,0,Moderate Risk
Gorakhpur,2016,0.7631473699548711,0,Moderate Risk
Gorakhpur,2017,0.5238103936948594,0,Moderate Risk
Gulbarga,2011,0.9369897259555857,1,High Risk
Gulbarga,2012,0.9369897259555857,1,High Risk
Gulbarga,2013,0.6341299786653143,0,Moderate Risk
Gulbarga,2014,0.6341299786653143,0,Moderate Risk
Gulbarga,2015,0.7995632359696266,0,Moderate Risk
Gulbarga,2016,0.7995632359696266,0,Moderate Risk
Gulbarga,2017,0.7995632359696266,0,Moderate Risk
Gumla,2011,0.7631473699548711,0,Moderate Risk
Gumla,2012,0.7631473699548711,0,Moderate Risk
Gumla,2013,0.5238103936948594,0,Moderate Risk
Gumla,2014,0.5238103936948594,0,Moderate Risk
Gumla,2015,0.6253007831636783,0,Moderate Risk
Gumla,2016,0.6253007831636783,0,Moderate Risk
Gumla,2017,0.6253007831636783,0,Moderate Risk
Guna,2011,0.7631473699548711,0,Moderate Risk
Guna,2012,0.7631473699548711,0,Moderate Risk
Guna,2013,0.5238103936948594,0,Moderate Risk
Guna,2014,0.5238103936948594,0,Moderate Risk
Guna,2015,0.6253007831636783,0,Moderate Risk
Guna,2016,0.6253007831636783,0,Moderate Risk
Guna,2017,0.6253007831636783,0,Moderate Risk
Guntur,2011,0.9963392300012307,1,High Risk
Guntur,2012,0.9968850103758102,1,High Risk
Guntur,2013,0.994003148264957,1,High Risk
Guntur,2014,0.9893523879304367,1,High Risk
Guntur,2015,0.9857837047778802,1,High Risk
Guntur,2016,0.9777820433191943,1,High Risk
Guntur,2017,0.9375958145378523,1,High Risk
Gurgaon,2011,0.4111172908619105,0,Moderate Risk
Gurgaon,2012,0.4111172908619105,0,Moderate Risk
Gurgaon,2013,0.4111172908619105,0,Moderate Risk
Gurgaon,2014,0.4111172908619105,0,Moderate Risk
Gurgaon,2015,0.4111172908619105,0,Moderate Risk
Gurgaon,2016,0.4111172908619105,0,Moderate Risk
Gurgaon,2017,0.4111172908619105,0,Moderate Risk
Gwalior,2011,0.7631473699548711,0,Moderate Risk
Gwalior,2012,0.7631473699548711,0,Moderate Risk
Gwalior,2013,0.5238103936948594,0,Moderate Risk
Gwalior,2014,0.5238103936948594,0,Moderate Risk
Gwalior,2015,0.6253007831636783,0,Moderate Risk
Gwalior,2016,0.6253007831636783,0,Moderate Risk
Gwalior,2017,0.6253007831636783,0,Moderate Risk
Hailakandi,2011,0.8354388836773256,1,High Risk
Hailakandi,2012,0.8354388836773256,1,High Risk
Hailakandi,2013,0.905263355540787,1,High Risk
Hailakandi,2014,0.9238702707680505,1,High Risk
Hailakandi,2015,0.9484818420188742,1,High Risk
Hailakandi,2016,0.8627391150237367,1,High Risk
Hailakandi,2017,0.8627391150237367,1,High Risk
Hanumangarh,2011,0.7631473699548711,0,Moderate Risk
Hanumangarh,2012,0.7631473699548711,0,Moderate Risk
Hanumangarh,2013,0.5238103936948594,0,Moderate Risk
Hanumangarh,2014,0.5238103936948594,0,Moderate Risk
Hanumangarh,2015,0.6253007831636783,0,Moderate Risk
Hanumangarh,2016,0.6253007831636783,0,Moderate Risk
Hanumangarh,2017,0.6253007831636783,0,Moderate Risk
Haora,2011,0.9238702707680505,1,High Risk
Haora,2012,0.9238702707680505,1,High Risk
Haora,2013,0.8627391150237367,1,High Risk
Haora,2014,0.7244754846132341,0,Moderate Risk
Haora,2015,0.7995632359696266,0,Moderate Risk
Haora,2016,0.7995632359696266,0,Moderate Risk
Haora,2017,0.7995632359696266,0,Moderate Risk
Harda,2011,0.4111172908619105,0,Moderate Risk
Harda,2012,0.4111172908619105,0,Moderate Risk
Harda,2013,0.4111172908619105,0,Moderate Risk
Harda,2014,0.4111172908619105,0,Moderate Risk
Harda,2015,0.4111172908619105,0,Moderate Risk
Harda,2016,0.4111172908619105,0,Moderate Risk
Harda,2017,0.7172791812640505,0,Moderate Risk
Hardoi,2011,0.7631473699548711,0,Moderate Risk
Hardoi,2012,0.7631473699548711,0,Moderate Risk
Hardoi,2013,0.5238103936948594,0,Moderate Risk
Hardoi,2014,0.5238103936948594,0,Moderate Risk
Hardoi,2015,0.6253007831636783,0,Moderate Risk
Hardoi,2016,0.6253007831636783,0,Moderate Risk
Hardoi,2017,0.6253007831636783,0,Moderate Risk
Hathras,2011,0.7631473699548711,0,Moderate Risk
Hathras,2012,0.7631473699548711,0,Moderate Risk
Hathras,2013,0.5238103936948594,0,Moderate Risk
Hathras,2014,0.5238103936948594,0,Moderate Risk
Hathras,2015,0.6253007831636783,0,Moderate Risk
Hathras,2016,0.6253007831636783,0,Moderate Risk
Hathras,2017,0.6253007831636783,0,Moderate Risk
Haveri,2011,0.7631473699548711,0,Moderate Risk
Haveri,2012,0.7631473699548711,0,Moderate Risk
Haveri,2013,0.5238103936948594,0,Moderate Risk
Haveri,2014,0.5238103936948594,0,Moderate Risk
Haveri,2015,0.6253007831636783,0,Moderate Risk
Haveri,2016,0.6253007831636783,0,Moderate Risk
Haveri,2017,0.6253007831636783,0,Moderate Risk
Hingoli,2011,0.7631473699548711,0,Moderate Risk
Hingoli,2012,0.7631473699548711,0,Moderate Risk
Hingoli,2013,0.5238103936948594,0,Moderate Risk
Hingoli,2014,0.5238103936948594,0,Moderate Risk
Hingoli,2015,0.6253007831636783,0,Moderate Risk
Hingoli,2016,0.6253007831636783,0,Moderate Risk
Hingoli,2017,0.6253007831636783,0,Moderate Risk
Hisar,2011,0.4111172908619105,0,Moderate Risk
Hisar,2012,0.4111172908619105,0,Moderate Risk
Hisar,2013,0.4111172908619105,0,Moderate Risk
Hisar,2014,0.4111172908619105,0,Moderate Risk
Hisar,2015,0.4111172908619105,0,Moderate Risk
Hisar,2016,0.4111172908619105,0,Moderate Risk
Hisar,2017,0.4111172908619105,0,Moderate Risk
Hoshangabad,2011,0.4111172908619105,0,Moderate Risk
Hoshangabad,2012,0.4111172908619105,0,Moderate Risk
Hoshangabad,2013,0.4111172908619105,0,Moderate Risk
Hoshangabad,2014,0.7172791812640505,0,Moderate Risk
Hoshangabad,2015,0.7631473699548711,0,Moderate Risk
Hoshangabad,2016,0.7631473699548711,0,Moderate Risk
Hoshangabad,2017,0.7998996636626555,0,Moderate Risk
Hugli,2011,0.885082936306528,1,High Risk
Hugli,2012,0.885082936306528,1,High Risk
Hugli,2013,0.7244754846132341,0,Moderate Risk
Hugli,2014,0.5238103936948594,0,Moderate Risk
Hugli,2015,0.6253007831636783,0,Moderate Risk
Hugli,2016,0.6253007831636783,0,Moderate Risk
Hugli,2017,0.6253007831636783,0,Moderate Risk
Hyderabad,2011,0.7244754846132341,0,Moderate Risk
Hyderabad,2012,0.7995632359696266,0,Moderate Risk
Hyderabad,2013,0.7995632359696266,0,Moderate Risk
Hyderabad,2014,0.7995632359696266,0,Moderate Risk
Hyderabad,2015,0.9399660203007764,1,High Risk
Hyderabad,2016,0.885082936306528,1,High Risk
Hyderabad,2017,0.7631473699548711,0,Moderate Risk
Idukki,2011,0.6253007831636783,0,Moderate Risk
Idukki,2012,0.4111172908619105,0,Moderate Risk
Idukki,2013,0.4111172908619105,0,Moderate Risk
Idukki,2014,0.4111172908619105,0,Moderate Risk
Idukki,2015,0.4111172908619105,0,Moderate Risk
Idukki,2016,0.4111172908619105,0,Moderate Risk
Idukki,2017,0.4111172908619105,0,Moderate Risk
Imphal East,2011,0.6253007831636783,0,Moderate Risk
Imphal East,2012,0.6253007831636783,0,Moderate Risk
Imphal East,2013,0.6253007831636783,0,Moderate Risk
Imphal East,2014,0.6253007831636783,0,Moderate Risk
Imphal East,2015,0.4111172908619105,0,Moderate Risk
Imphal East,2016,0.4111172908619105,0,Moderate Risk
Imphal East,2017,0.47257584948909026,0,Moderate Risk
Imphal West,2011,0.885082936306528,1,High Risk
Imphal West,2012,0.885082936306528,1,High Risk
Imphal West,2013,0.7244754846132341,0,Moderate Risk
Imphal West,2014,0.7244754846132341,0,Moderate Risk
Imphal West,2015,0.6253007831636783,0,Moderate Risk
Imphal West,2016,0.6253007831636783,0,Moderate Risk
Imphal West,2017,0.6817120425620847,0,Moderate Risk
Jabalpur,2011,0.9484818420188742,1,High Risk
Jabalpur,2012,0.9484818420188742,1,High Risk
Jabalpur,2013,0.8627391150237367,1,High Risk
Jabalpur,2014,0.9580564755421112,1,High Risk
Jabalpur,2015,0.9777820433191943,1,High Risk
Jabalpur,2016,0.885082936306528,1,High Risk
Jabalpur,2017,0.905263355540787,1,High Risk
Jagatsinghapur,2011,0.8055630387793108,1,High Risk
Jagatsinghapur,2012,0.9377186051296478,1,High Risk
Jagatsinghapur,2013,0.9777820433191943,1,High Risk
Jagatsinghapur,2014,0.9484818420188742,1,High Risk
Jagatsinghapur,2015,0.8627391150237367,1,High Risk
Jagatsinghapur,2016,0.8627391150237367,1,High Risk
Jagatsinghapur,2017,0.9050830547904776,1,High Risk
Jaintia Hills,2011,0.7631473699548711,0,Moderate Risk
Jaintia Hills,2012,0.7631473699548711,0,Moderate Risk
Jaintia Hills,2013,0.5238103936948594,0,Moderate Risk
Jaintia Hills,2014,0.5238103936948594,0,Moderate Risk
Jaintia Hills,2015,0.6253007831636783,0,Moderate Risk
Jaintia Hills,2016,0.6253007831636783,0,Moderate Risk
Jaintia Hills,2017,0.6253007831636783,0,Moderate Risk
Jaipur,2011,0.7631473699548711,0,Moderate Risk
Jaipur,2012,0.7631473699548711,0,Moderate Risk
Jaipur,2013,0.5238103936948594,0,Moderate Risk
Jaipur,2014,0.5238103936948594,0,Moderate Risk
Jaipur,2015,0.8675508523615099,1,High Risk
Jaipur,2016,0.885082936306528,1,High Risk
Jaipur,2017,0.885082936306528,1,High Risk
Jaisalmer,2011,0.9238702707680505,1,High Risk
Jaisalmer,2012,0.9484818420188742,1,High Risk
Jaisalmer,2013,0.8627391150237367,1,High Risk
Jaisalmer,2014,0.8627391150237367,1,High Risk
Jaisalmer,2015,0.9050830547904776,1,High Risk
Jaisalmer,2016,0.7995632359696266,0,Moderate Risk
Jaisalmer,2017,0.6253007831636783,0,Moderate Risk
Jajapur,2011,0.9594703943699813,1,High Risk
Jajapur,2012,0.972965763468267,1,High Risk
Jajapur,2013,0.9905836204864286,1,High Risk
Jajapur,2014,0.9777820433191943,1,High Risk
Jajapur,2015,0.9375958145378523,1,High Risk
Jajapur,2016,0.8627391150237367,1,High Risk
Jajapur,2017,0.9050830547904776,1,High Risk
Jalaun,2011,0.7631473699548711,0,Moderate Risk
Jalaun,2012,0.7631473699548711,0,Moderate Risk
Jalaun,2013,0.5238103936948594,0,Moderate Risk
Jalaun,2014,0.5238103936948594,0,Moderate Risk
Jalaun,2015,0.6253007831636783,0,Moderate Risk
Jalaun,2016,0.6253007831636783,0,Moderate Risk
Jalaun,2017,0.8584484756136718,1,High Risk
Jalgaon,2011,0.885082936306528,1,High Risk
Jalgaon,2012,0.885082936306528,1,High Risk
Jalgaon,2013,0.5238103936948594,0,Moderate Risk
Jalgaon,2014,0.5238103936948594,0,Moderate Risk
Jalgaon,2015,0.6253007831636783,0,Moderate Risk
Jalgaon,2016,0.6253007831636783,0,Moderate Risk
Jalgaon,2017,0.6253007831636783,0,Moderate Risk
Jalna,2011,0.7631473699548711,0,Moderate Risk
Jalna,2012,0.7631473699548711,0,Moderate Risk
Jalna,2013,0.5238103936948594,0,Moderate Risk
Jalna,2014,0.5238103936948594,0,Moderate Risk
Jalna,2015,0.6253007831636783,0,Moderate Risk
Jalna,2016,0.6253007831636783,0,Moderate Risk
Jalna,2017,0.6253007831636783,0,Moderate Risk
Jalor,2011,0.7631473699548711,0,Moderate Risk
Jalor,2012,0.7631473699548711,0,Moderate Risk
Jalor,2013,0.5238103936948594,0,Moderate Risk
Jalor,2014,0.5238103936948594,0,Moderate Risk
Jalor,2015,0.6253007831636783,0,Moderate Risk
Jalor,2016,0.6253007831636783,0,Moderate Risk
Jalor,2017,0.6253007831636783,0,Moderate Risk
Jalpaiguri,2011,0.6253007831636783,0,Moderate Risk
Jalpaiguri,2012,0.6253007831636783,0,Moderate Risk
Jalpaiguri,2013,0.4111172908619105,0,Moderate Risk
Jalpaiguri,2014,0.4111172908619105,0,Moderate Risk
Jalpaiguri,2015,0.4111172908619105,0,Moderate Risk
Jalpaiguri,2016,0.7172791812640505,0,Moderate Risk
Jalpaiguri,2017,0.7631473699548711,0,Moderate Risk
Jammu,2011,0.6253007831636783,0,Moderate Risk
Jammu,2012,0.6253007831636783,0,Moderate Risk
Jammu,2013,0.6253007831636783,0,Moderate Risk
Jammu,2014,0.6253007831636783,0,Moderate Risk
Jammu,2015,0.6253007831636783,0,Moderate Risk
Jammu,2016,0.4111172908619105,0,Moderate Risk
Jammu,2017,0.4111172908619105,0,Moderate Risk
Jamnagar,2011,0.7995632359696266,0,Moderate Risk
Jamnagar,2012,0.6253007831636783,0,Moderate Risk
Jamnagar,2013,0.6253007831636783,0,Moderate Risk
Jamnagar,2014,0.6253007831636783,0,Moderate Risk
Jamnagar,2015,0.6253007831636783,0,Moderate Risk
Jamnagar,2016,0.4111172908619105,0,Moderate Risk
Jamnagar,2017,0.4111172908619105,0,Moderate Risk
Jamtara,2011,0.7631473699548711,0,Moderate Risk
Jamtara,2012,0.7631473699548711,0,Moderate Risk
Jamtara,2013,0.5238103936948594,0,Moderate Risk
Jamtara,2014,0.5238103936948594,0,Moderate Risk
Jamtara,2015,0.6253007831636783,0,Moderate Risk
Jamtara,2016,0.6253007831636783,0,Moderate Risk
Jamtara,2017,0.6253007831636783,0,Moderate Risk
Jamui,2011,0.7631473699548711,0,Moderate Risk
Jamui,2012,0.7631473699548711,0,Moderate Risk
Jamui,2013,0.5238103936948594,0,Moderate Risk
Jamui,2014,0.5238103936948594,0,Moderate Risk
Jamui,2015,0.6253007831636783,0,Moderate Risk
Jamui,2016,0.6253007831636783,0,Moderate Risk
Jamui,2017,0.6253007831636783,0,Moderate Risk
Jaunpur,2011,0.7631473699548711,0,Moderate Risk
Jaunpur,2012,0.7631473699548711,0,Moderate Risk
Jaunpur,2013,0.5238103936948594,0,Moderate Risk
Jaunpur,2014,0.5238103936948594,0,Moderate Risk
Jaunpur,2015,0.6253007831636783,0,Moderate Risk
Jaunpur,2016,0.6253007831636783,0,Moderate Risk
Jaunpur,2017,0.6253007831636783,0,Moderate Risk
Jehanabad,2011,0.7631473699548711,0,Moderate Risk
Jehanabad,2012,0.7631473699548711,0,Moderate Risk
Jehanabad,2013,0.5238103936948594,0,Moderate Risk
Jehanabad,2014,0.5238103936948594,0,Moderate Risk
Jehanabad,2015,0.6253007831636783,0,Moderate Risk
Jehanabad,2016,0.6253007831636783,0,Moderate Risk
Jehanabad,2017,0.6253007831636783,0,Moderate Risk
Jhabua,2011,0.7631473699548711,0,Moderate Risk
Jhabua,2012,0.7631473699548711,0,Moderate Risk
Jhabua,2013,0.5238103936948594,0,Moderate Risk
Jhabua,2014,0.5238103936948594,0,Moderate Risk
Jhabua,2015,0.6253007831636783,0,Moderate Risk
Jhabua,2016,0.6253007831636783,0,Moderate Risk
Jhabua,2017,0.6253007831636783,0,Moderate Risk
Jhansi,2011,0.7631473699548711,0,Moderate Risk
Jhansi,2012,0.7631473699548711,0,Moderate Risk
Jhansi,2013,0.5238103936948594,0,Moderate Risk
Jhansi,2014,0.5238103936948594,0,Moderate Risk
Jhansi,2015,0.6253007831636783,0,Moderate Risk
Jhansi,2016,0.6253007831636783,0,Moderate Risk
Jhansi,2017,0.6253007831636783,0,Moderate Risk
Jharsuguda,2011,0.4111172908619105,0,Moderate Risk
Jharsuguda,2012,0.7172791812640505,0,Moderate Risk
Jharsuguda,2013,0.7631473699548711,0,Moderate Risk
Jharsuguda,2014,0.7631473699548711,0,Moderate Risk
Jharsuguda,2015,0.5238103936948594,0,Moderate Risk
Jharsuguda,2016,0.5238103936948594,0,Moderate Risk
Jharsuguda,2017,0.6253007831636783,0,Moderate Risk
Jodhpur,2011,0.7631473699548711,0,Moderate Risk
Jodhpur,2012,0.7631473699548711,0,Moderate Risk
Jodhpur,2013,0.5238103936948594,0,Moderate Risk
Jodhpur,2014,0.5238103936948594,0,Moderate Risk
Jodhpur,2015,0.6253007831636783,0,Moderate Risk
Jodhpur,2016,0.6253007831636783,0,Moderate Risk
Jodhpur,2017,0.6253007831636783,0,Moderate Risk
Jorhat,2011,0.9726373451053659,1,High Risk
Jorhat,2012,0.9238702707680505,1,High Risk
Jorhat,2013,0.9377186051296478,1,High Risk
Jorhat,2014,0.9906031937172818,1,High Risk
Jorhat,2015,0.9951006798337185,1,High Risk
Jorhat,2016,0.9986162415358792,1,High Risk
Jorhat,2017,0.9999222304657368,1,High Risk
Junagadh,2011,0.7995632359696266,0,Moderate Risk
Junagadh,2012,0.6253007831636783,0,Moderate Risk
Junagadh,2013,0.6253007831636783,0,Moderate Risk
Junagadh,2014,0.6253007831636783,0,Moderate Risk
Junagadh,2015,0.6253007831636783,0,Moderate Risk
Junagadh,2016,0.4111172908619105,0,Moderate Risk
Junagadh,2017,0.4111172908619105,0,Moderate Risk
Kachchh,2011,0.9050830547904776,1,High Risk
Kachchh,2012,0.6253007831636783,0,Moderate Risk
Kachchh,2013,0.6253007831636783,0,Moderate Risk
Kachchh,2014,0.4111172908619105,0,Moderate Risk
Kachchh,2015,0.4111172908619105,0,Moderate Risk
Kachchh,2016,0.7172791812640505,0,Moderate Risk
Kachchh,2017,0.7631473699548711,0,Moderate Risk
Kaimur,2011,0.7631473699548711,0,Moderate Risk
Kaimur,2012,0.7631473699548711,0,Moderate Risk
Kaimur,2013,0.5238103936948594,0,Moderate Risk
Kaimur,2014,0.5238103936948594,0,Moderate Risk
Kaimur,2015,0.6253007831636783,0,Moderate Risk
Kaimur,2016,0.6253007831636783,0,Moderate Risk
Kaimur,2017,0.6253007831636783,0,Moderate Risk
Kalahandi,2011,0.6253007831636783,0,Moderate Risk
Kalahandi,2012,0.6253007831636783,0,Moderate Risk
Kalahandi,2013,0.6253007831636783,0,Moderate Risk
Kalahandi,2014,0.4111172908619105,0,Moderate Risk
Kalahandi,2015,0.4111172908619105,0,Moderate Risk
Kalahandi,2016,0.4111172908619105,0,Moderate Risk
Kalahandi,2017,0.4111172908619105,0,Moderate Risk
Kamrup,2011,0.9484818420188742,1,High Risk
Kamrup,2012,0.9852736647069577,1,High Risk
Kamrup,2013,0.9906031937172818,1,High Risk
Kamrup,2014,0.9979488587168198,1,High Risk
Kamrup,2015,0.9979488587168198,1,High Risk
Kamrup,2016,0.9983474462281751,1,High Risk
Kamrup,2017,0.9992003346737297,1,High Risk
Kancheepuram,2011,0.6253007831636783,0,Moderate Risk
Kancheepuram,2012,0.6253007831636783,0,Moderate Risk
Kancheepuram,2013,0.6253007831636783,0,Moderate Risk
Kancheepuram,2014,0.6253007831636783,0,Moderate Risk
Kancheepuram,2015,0.4111172908619105,0,Moderate Risk
Kancheepuram,2016,0.7172791812640505,0,Moderate Risk
Kancheepuram,2017,0.7631473699548711,0,Moderate Risk
Kandhamal,2011,0.5238103936948594,0,Moderate Risk
Kandhamal,2012,0.5238103936948594,0,Moderate Risk
Kandhamal,2013,0.6253007831636783,0,Moderate Risk
Kandhamal,2014,0.6253007831636783,0,Moderate Risk
Kandhamal,2015,0.6253007831636783,0,Moderate Risk
Kandhamal,2016,0.6253007831636783,0,Moderate Risk
Kandhamal,2017,0.6253007831636783,0,Moderate Risk
Kangra,2011,0.7631473699548711,0,Moderate Risk
Kangra,2012,0.7631473699548711,0,Moderate Risk
Kangra,2013,0.5238103936948594,0,Moderate Risk
Kangra,2014,0.5238103936948594,0,Moderate Risk
Kangra,2015,0.6253007831636783,0,Moderate Risk
Kangra,2016,0.6253007831636783,0,Moderate Risk
Kangra,2017,0.6253007831636783,0,Moderate Risk
Kannauj,2011,0.7631473699548711,0,Moderate Risk
Kannauj,2012,0.7631473699548711,0,Moderate Risk
Kannauj,2013,0.5238103936948594,0,Moderate Risk
Kannauj,2014,0.5238103936948594,0,Moderate Risk
Kannauj,2015,0.6253007831636783,0,Moderate Risk
Kannauj,2016,0.6253007831636783,0,Moderate Risk
Kannauj,2017,0.6253007831636783,0,Moderate Risk
Kanniyakumari,2011,0.9484818420188742,1,High Risk
Kanniyakumari,2012,0.8627391150237367,1,High Risk
Kanniyakumari,2013,0.8627391150237367,1,High Risk
Kanniyakumari,2014,0.9050830547904776,1,High Risk
Kanniyakumari,2015,0.7995632359696266,0,Moderate Risk
Kanniyakumari,2016,0.6253007831636783,0,Moderate Risk
Kanniyakumari,2017,0.6253007831636783,0,Moderate Risk
Kannur,2011,0.7995632359696266,0,Moderate Risk
Kannur,2012,0.7995632359696266,0,Moderate Risk
Kannur,2013,0.6253007831636783,0,Moderate Risk
Kannur,2014,0.6253007831636783,0,Moderate Risk
Kannur,2015,0.4111172908619105,0,Moderate Risk
Kannur,2016,0.4111172908619105,0,Moderate Risk
Kannur,2017,0.4111172908619105,0,Moderate Risk
Kanpur Dehat,2011,0.7631473699548711,0,Moderate Risk
Kanpur Dehat,2012,0.7631473699548711,0,Moderate Risk
Kanpur Dehat,2013,0.5238103936948594,0,Moderate Risk
Kanpur Dehat,2014,0.5238103936948594,0,Moderate Risk
Kanpur Dehat,2015,0.6253007831636783,0,Moderate Risk
Kanpur Dehat,2016,0.6253007831636783,0,Moderate Risk
Kanpur Dehat,2017,0.6253007831636783,0,Moderate Risk
Kanpur Nagar,2011,0.6253007831636783,0,Moderate Risk
Kanpur Nagar,2012,0.6253007831636783,0,Moderate Risk
Kanpur Nagar,2013,0.6253007831636783,0,Moderate Risk
Kanpur Nagar,2014,0.6253007831636783,0,Moderate Risk
Kanpur Nagar,2015,0.6253007831636783,0,Moderate Risk
Kanpur Nagar,2016,0.4111172908619105,0,Moderate Risk
Kanpur Nagar,2017,0.4111172908619105,0,Moderate Risk
Karaikal,2011,0.7631473699548711,0,Moderate Risk
Karaikal,2012,0.5238103936948594,0,Moderate Risk
Karaikal,2013,0.5238103936948594,0,Moderate Risk
Karaikal,2014,0.6253007831636783,0,Moderate Risk
Karaikal,2015,0.6253007831636783,0,Moderate Risk
Karaikal,2016,0.6253007831636783,0,Moderate Risk
Karaikal,2017,0.6253007831636783,0,Moderate Risk
Karbi Anglong,2011,0.7631473699548711,0,Moderate Risk
Karbi Anglong,2012,0.7631473699548711,0,Moderate Risk
Karbi Anglong,2013,0.5238103936948594,0,Moderate Risk
Karbi Anglong,2014,0.5238103936948594,0,Moderate Risk
Karbi Anglong,2015,0.6253007831636783,0,Moderate Risk
Karbi Anglong,2016,0.8584484756136718,1,High Risk
Karbi Anglong,2017,0.885082936306528,1,High Risk
Kargil,2011,0.4111172908619105,0,Moderate Risk
Kargil,2012,0.4111172908619105,0,Moderate Risk
Kargil,2013,0.4111172908619105,0,Moderate Risk
Kargil,2014,0.4111172908619105,0,Moderate Risk
Kargil,2015,0.4111172908619105,0,Moderate Risk
Kargil,2016,0.4111172908619105,0,Moderate Risk
Kargil,2017,0.4111172908619105,0,Moderate Risk
Karimganj,2011,0.9238702707680505,1,High Risk
Karimganj,2012,0.9238702707680505,1,High Risk
Karimganj,2013,0.8627391150237367,1,High Risk
Karimganj,2014,0.9580564755421112,1,High Risk
Karimganj,2015,0.9777820433191943,1,High Risk
Karimganj,2016,0.9484818420188742,1,High Risk
Karimganj,2017,0.8627391150237367,1,High Risk
Karimnagar,2011,0.9238702707680505,1,High Risk
Karimnagar,2012,0.9238702707680505,1,High Risk
Karimnagar,2013,0.8627391150237367,1,High Risk
Karimnagar,2014,0.8627391150237367,1,High Risk
Karimnagar,2015,0.9050830547904776,1,High Risk
Karimnagar,2016,0.7995632359696266,0,Moderate Risk
Karimnagar,2017,0.7995632359696266,0,Moderate Risk
Karur,2011,0.6253007831636783,0,Moderate Risk
Karur,2012,0.6253007831636783,0,Moderate Risk
Karur,2013,0.6253007831636783,0,Moderate Risk
Karur,2014,0.6253007831636783,0,Moderate Risk
Karur,2015,0.6253007831636783,0,Moderate Risk
Karur,2016,0.4111172908619105,0,Moderate Risk
Karur,2017,0.4111172908619105,0,Moderate Risk
Kasaragod,2011,0.7995632359696266,0,Moderate Risk
Kasaragod,2012,0.7995632359696266,0,Moderate Risk
Kasaragod,2013,0.6253007831636783,0,Moderate Risk
Kasaragod,2014,0.6253007831636783,0,Moderate Risk
Kasaragod,2015,0.4111172908619105,0,Moderate Risk
Kasaragod,2016,0.4111172908619105,0,Moderate Risk
Kasaragod,2017,0.4111172908619105,0,Moderate Risk
Katihar,2011,0.9369897259555857,1,High Risk
Katihar,2012,0.8354388836773256,1,High Risk
Katihar,2013,0.6341299786653143,0,Moderate Risk
Katihar,2014,0.7244754846132341,0,Moderate Risk
Katihar,2015,0.7995632359696266,0,Moderate Risk
Katihar,2016,0.7995632359696266,0,Moderate Risk
Katihar,2017,0.9354701015814498,1,High Risk
Katni,2011,0.885082936306528,1,High Risk
Katni,2012,0.885082936306528,1,High Risk
Katni,2013,0.7244754846132341,0,Moderate Risk
Katni,2014,0.7244754846132341,0,Moderate Risk
Katni,2015,0.7995632359696266,0,Moderate Risk
Katni,2016,0.6253007831636783,0,Moderate Risk
Katni,2017,0.6253007831636783,0,Moderate Risk
Kaushambi,2011,0.885082936306528,1,High Risk
Kaushambi,2012,0.885082936306528,1,High Risk
Kaushambi,2013,0.7244754846132341,0,Moderate Risk
Kaushambi,2014,0.7244754846132341,0,Moderate Risk
Kaushambi,2015,0.7995632359696266,0,Moderate Risk
Kaushambi,2016,0.6253007831636783,0,Moderate Risk
Kaushambi,2017,0.6253007831636783,0,Moderate Risk
Kendrapara,2011,0.9666761589982051,1,High Risk
Kendrapara,2012,0.9778276307651528,1,High Risk
Kendrapara,2013,0.9666761589982051,1,High Risk
Kendrapara,2014,0.9238702707680505,1,High Risk
Kendrapara,2015,0.8627391150237367,1,High Risk
Kendrapara,2016,0.8627391150237367,1,High Risk
Kendrapara,2017,0.9050830547904776,1,High Risk
Kendujhar,2011,0.4111172908619105,0,Moderate Risk
Kendujhar,2012,0.4111172908619105,0,Moderate Risk
Kendujhar,2013,0.4111172908619105,0,Moderate Risk
Kendujhar,2014,0.4111172908619105,0,Moderate Risk
Kendujhar,2015,0.4111172908619105,0,Moderate Risk
Kendujhar,2016,0.4111172908619105,0,Moderate Risk
Kendujhar,2017,0.4111172908619105,0,Moderate Risk
Khagaria,2011,0.885082936306528,1,High Risk
Khagaria,2012,0.7244754846132341,0,Moderate Risk
Khagaria,2013,0.7244754846132341,0,Moderate Risk
Khagaria,2014,0.6253007831636783,0,Moderate Risk
Khagaria,2015,0.6253007831636783,0,Moderate Risk
Khagaria,2016,0.6253007831636783,0,Moderate Risk
Khagaria,2017,0.8584484756136718,1,High Risk
Khammam,2011,0.9726373451053659,1,High Risk
Khammam,2012,0.9238702707680505,1,High Risk
Khammam,2013,0.8055630387793108,1,High Risk
Khammam,2014,0.8627391150237367,1,High Risk
Khammam,2015,0.9050830547904776,1,High Risk
Khammam,2016,0.7995632359696266,0,Moderate Risk
Khammam,2017,0.7995632359696266,0,Moderate Risk
Kheda,2011,0.7995632359696266,0,Moderate Risk
Kheda,2012,0.6253007831636783,0,Moderate Risk
Kheda,2013,0.6253007831636783,0,Moderate Risk
Kheda,2014,0.6253007831636783,0,Moderate Risk
Kheda,2015,0.6253007831636783,0,Moderate Risk
Kheda,2016,0.4111172908619105,0,Moderate Risk
Kheda,2017,0.4111172908619105,0,Moderate Risk
Khordha,2011,0.9082865693922062,1,High Risk
Khordha,2012,0.9377186051296478,1,High Risk
Khordha,2013,0.9484818420188742,1,High Risk
Khordha,2014,0.9484818420188742,1,High Risk
Khordha,2015,0.8627391150237367,1,High Risk
Khordha,2016,0.8627391150237367,1,High Risk
Khordha,2017,0.9050830547904776,1,High Risk
Kinnaur,2011,0.9726373451053659,1,High Risk
Kinnaur,2012,0.9238702707680505,1,High Risk
Kinnaur,2013,0.8055630387793108,1,High Risk
Kinnaur,2014,0.8627391150237367,1,High Risk
Kinnaur,2015,0.9050830547904776,1,High Risk
Kinnaur,2016,0.7995632359696266,0,Moderate Risk
Kinnaur,2017,0.7995632359696266,0,Moderate Risk
Kishanganj,2011,0.7631473699548711,0,Moderate Risk
Kishanganj,2012,0.7631473699548711,0,Moderate Risk
Kishanganj,2013,0.5238103936948594,0,Moderate Risk
Kishanganj,2014,0.5238103936948594,0,Moderate Risk
Kishanganj,2015,0.6253007831636783,0,Moderate Risk
Kishanganj,2016,0.6253007831636783,0,Moderate Risk
Kishanganj,2017,0.8584484756136718,1,High Risk
Kishtwar,2011,0.4111172908619105,0,Moderate Risk
Kishtwar,2012,0.4111172908619105,0,Moderate Risk
Kishtwar,2013,0.4111172908619105,0,Moderate Risk
Kishtwar,2014,0.47257584948909026,0,Moderate Risk
Kishtwar,2015,0.7631473699548711,0,Moderate Risk
Kishtwar,2016,0.7631473699548711,0,Moderate Risk
Kishtwar,2017,0.5238103936948594,0,Moderate Risk
Koch Bihar,2011,0.6253007831636783,0,Moderate Risk
Koch Bihar,2012,0.6253007831636783,0,Moderate Risk
Koch Bihar,2013,0.6253007831636783,0,Moderate Risk
Koch Bihar,2014,0.4111172908619105,0,Moderate Risk
Koch Bihar,2015,0.4111172908619105,0,Moderate Risk
Koch Bihar,2016,0.4111172908619105,0,Moderate Risk
Koch Bihar,2017,0.4111172908619105,0,Moderate Risk
Kodagu,2011,0.5238103936948594,0,Moderate Risk
Kodagu,2012,0.5238103936948594,0,Moderate Risk
Kodagu,2013,0.6253007831636783,0,Moderate Risk
Kodagu,2014,0.6253007831636783,0,Moderate Risk
Kodagu,2015,0.6253007831636783,0,Moderate Risk
Kodagu,2016,0.6253007831636783,0,Moderate Risk
Kodagu,2017,0.6253007831636783,0,Moderate Risk
Kodarma,2011,0.7631473699548711,0,Moderate Risk
Kodarma,2012,0.7631473699548711,0,Moderate Risk
Kodarma,2013,0.5238103936948594,0,Moderate Risk
Kodarma,2014,0.5238103936948594,0,Moderate Risk
Kodarma,2015,0.6253007831636783,0,Moderate Risk
Kodarma,2016,0.6253007831636783,0,Moderate Risk
Kodarma,2017,0.6253007831636783,0,Moderate Risk
Kohima,2011,0.7631473699548711,0,Moderate Risk
Kohima,2012,0.7631473699548711,0,Moderate Risk
Kohima,2013,0.5238103936948594,0,Moderate Risk
Kohima,2014,0.5238103936948594,0,Moderate Risk
Kohima,2015,0.6253007831636783,0,Moderate Risk
Kohima,2016,0.6253007831636783,0,Moderate Risk
Kohima,2017,0.6253007831636783,0,Moderate Risk
Kokrajhar,2011,0.7631473699548711,0,Moderate Risk
Kokrajhar,2012,0.7631473699548711,0,Moderate Risk
Kokrajhar,2013,0.5238103936948594,0,Moderate Risk
Kokrajhar,2014,0.5238103936948594,0,Moderate Risk
Kokrajhar,2015,0.6253007831636783,0,Moderate Risk
Kokrajhar,2016,0.95659546205106,1,High Risk
Kokrajhar,2017,0.9726373451053659,1,High Risk
Kolar,2011,0.7631473699548711,0,Moderate Risk
Kolar,2012,0.7631473699548711,0,Moderate Risk
Kolar,2013,0.5238103936948594,0,Moderate Risk
Kolar,2014,0.5238103936948594,0,Moderate Risk
Kolar,2015,0.6253007831636783,0,Moderate Risk
Kolar,2016,0.6253007831636783,0,Moderate Risk
Kolar,2017,0.6253007831636783,0,Moderate Risk
Kolhapur,2011,0.7631473699548711,0,Moderate Risk
Kolhapur,2012,0.7631473699548711,0,Moderate Risk
Kolhapur,2013,0.5238103936948594,0,Moderate Risk
Kolhapur,2014,0.5238103936948594,0,Moderate Risk
Kolhapur,2015,0.6253007831636783,0,Moderate Risk
Kolhapur,2016,0.6253007831636783,0,Moderate Risk
Kolhapur,2017,0.8584484756136718,1,High Risk
Kolkata,2011,0.9857837047778802,1,High Risk
Kolkata,2012,0.9857837047778802,1,High Risk
Kolkata,2013,0.9375958145378523,1,High Risk
Kolkata,2014,0.8627391150237367,1,High Risk
Kolkata,2015,0.9050830547904776,1,High Risk
Kolkata,2016,0.7995632359696266,0,Moderate Risk
Kolkata,2017,0.7995632359696266,0,Moderate Risk
Kollam,2011,0.7995632359696266,0,Moderate Risk
Kollam,2012,0.6253007831636783,0,Moderate Risk
Kollam,2013,0.6253007831636783,0,Moderate Risk
Kollam,2014,0.6253007831636783,0,Moderate Risk
Kollam,2015,0.4111172908619105,0,Moderate Risk
Kollam,2016,0.4111172908619105,0,Moderate Risk
Kollam,2017,0.4111172908619105,0,Moderate Risk
Koppal,2011,0.9369897259555857,1,High Risk
Koppal,2012,0.9369897259555857,1,High Risk
Koppal,2013,0.6341299786653143,0,Moderate Risk
Koppal,2014,0.6341299786653143,0,Moderate Risk
Koppal,2015,0.7995632359696266,0,Moderate Risk
Koppal,2016,0.7995632359696266,0,Moderate Risk
Koppal,2017,0.7995632359696266,0,Moderate Risk
Koraput,2011,0.6253007831636783,0,Moderate Risk
Koraput,2012,0.6253007831636783,0,Moderate Risk
Koraput,2013,0.6253007831636783,0,Moderate Risk
Koraput,2014,0.4111172908619105,0,Moderate Risk
Koraput,2015,0.4111172908619105,0,Moderate Risk
Koraput,2016,0.4111172908619105,0,Moderate Risk
Koraput,2017,0.4111172908619105,0,Moderate Risk
Kota,2011,0.5238103936948594,0,Moderate Risk
Kota,2012,0.6253007831636783,0,Moderate Risk
Kota,2013,0.6253007831636783,0,Moderate Risk
Kota,2014,0.6253007831636783,0,Moderate Risk
Kota,2015,0.6253007831636783,0,Moderate Risk
Kota,2016,0.6253007831636783,0,Moderate Risk
Kota,2017,0.4111172908619105,0,Moderate Risk
Kottayam,2011,0.6253007831636783,0,Moderate Risk
Kottayam,2012,0.4111172908619105,0,Moderate Risk
Kottayam,2013,0.4111172908619105,0,Moderate Risk
Kottayam,2014,0.4111172908619105,0,Moderate Risk
Kottayam,2015,0.4111172908619105,0,Moderate Risk
Kottayam,2016,0.4111172908619105,0,Moderate Risk
Kottayam,2017,0.4111172908619105,0,Moderate Risk
Kozhikode,2011,0.7995632359696266,0,Moderate Risk
Kozhikode,2012,0.7995632359696266,0,Moderate Risk
Kozhikode,2013,0.6253007831636783,0,Moderate Risk
Kozhikode,2014,0.6253007831636783,0,Moderate Risk
Kozhikode,2015,0.4111172908619105,0,Moderate Risk
Kozhikode,2016,0.4111172908619105,0,Moderate Risk
Kozhikode,2017,0.4111172908619105,0,Moderate Risk
Krishna,2011,0.9994949954196966,1,High Risk
Krishna,2012,0.9991710566019725,1,High Risk
Krishna,2013,0.9984007588820605,1,High Risk
Krishna,2014,0.9981200534554107,1,High Risk
Krishna,2015,0.9974824877973659,1,High Risk
Krishna,2016,0.9960390448283877,1,High Risk
Krishna,2017,0.9729104567254425,1,High Risk
Krishnagiri,2011,0.6253007831636783,0,Moderate Risk
Krishnagiri,2012,0.6253007831636783,0,Moderate Risk
Krishnagiri,2013,0.6253007831636783,0,Moderate Risk
Krishnagiri,2014,0.6253007831636783,0,Moderate Risk
Krishnagiri,2015,0.6253007831636783,0,Moderate Risk
Krishnagiri,2016,0.4111172908619105,0,Moderate Risk
Krishnagiri,2017,0.4111172908619105,0,Moderate Risk
Kullu,2011,0.9777820433191943,1,High Risk
Kullu,2012,0.9777820433191943,1,High Risk
Kullu,2013,0.9375958145378523,1,High Risk
Kullu,2014,0.7244754846132341,0,Moderate Risk
Kullu,2015,0.7995632359696266,0,Moderate Risk
Kullu,2016,0.6253007831636783,0,Moderate Risk
Kullu,2017,0.6253007831636783,0,Moderate Risk
Kurnool,2011,0.8888785939288698,1,High Risk
Kurnool,2012,0.8888785939288698,1,High Risk
Kurnool,2013,0.8627391150237367,1,High Risk
Kurnool,2014,0.8627391150237367,1,High Risk
Kurnool,2015,0.9050830547904776,1,High Risk
Kurnool,2016,0.9050830547904776,1,High Risk
Kurnool,2017,0.9050830547904776,1,High Risk
Kurukshetra,2011,0.7172791812640505,0,Moderate Risk
Kurukshetra,2012,0.7631473699548711,0,Moderate Risk
Kurukshetra,2013,0.7631473699548711,0,Moderate Risk
Kurukshetra,2014,0.5238103936948594,0,Moderate Risk
Kurukshetra,2015,0.5238103936948594,0,Moderate Risk
Kurukshetra,2016,0.6253007831636783,0,Moderate Risk
Kurukshetra,2017,0.6253007831636783,0,Moderate Risk
Kushinagar,2011,0.7631473699548711,0,Moderate Risk
Kushinagar,2012,0.7631473699548711,0,Moderate Risk
Kushinagar,2013,0.5238103936948594,0,Moderate Risk
Kushinagar,2014,0.7998996636626555,0,Moderate Risk
Kushinagar,2015,0.885082936306528,1,High Risk
Kushinagar,2016,0.885082936306528,1,High Risk
Kushinagar,2017,0.7244754846132341,0,Moderate Risk
Lahul & Spiti,2011,0.4111172908619105,0,Moderate Risk
Lahul & Spiti,2012,0.4111172908619105,0,Moderate Risk
Lahul & Spiti,2013,0.4111172908619105,0,Moderate Risk
Lahul & Spiti,2014,0.4111172908619105,0,Moderate Risk
Lahul & Spiti,2015,0.4111172908619105,0,Moderate Risk
Lahul & Spiti,2016,0.4111172908619105,0,Moderate Risk
Lahul & Spiti,2017,0.4111172908619105,0,Moderate Risk
Lakhimpur,2011,0.9995548558574657,1,High Risk
Lakhimpur,2012,0.9970004120222872,1,High Risk
Lakhimpur,2013,0.998404109301254,1,High Risk
Lakhimpur,2014,0.9995594206217252,1,High Risk
Lakhimpur,2015,0.9994534428089296,1,High Risk
Lakhimpur,2016,0.9999720843140276,1,High Risk
Lakhimpur,2017,0.9999955163281361,1,High Risk
Lakhimpur Kheri,2011,0.7244754846132341,0,Moderate Risk
Lakhimpur Kheri,2012,0.7995632359696266,0,Moderate Risk
Lakhimpur Kheri,2013,0.7995632359696266,0,Moderate Risk
Lakhimpur Kheri,2014,0.7995632359696266,0,Moderate Risk
Lakhimpur Kheri,2015,0.9354701015814498,1,High Risk
Lakhimpur Kheri,2016,0.885082936306528,1,High Risk
Lakhimpur Kheri,2017,0.7631473699548711,0,Moderate Risk
Lakhisarai,2011,0.7631473699548711,0,Moderate Risk
Lakhisarai,2012,0.7631473699548711,0,Moderate Risk
Lakhisarai,2013,0.5238103936948594,0,Moderate Risk
Lakhisarai,2014,0.5238103936948594,0,Moderate Risk
Lakhisarai,2015,0.6253007831636783,0,Moderate Risk
Lakhisarai,2016,0.6253007831636783,0,Moderate Risk
Lakhisarai,2017,0.8584484756136718,1,High Risk
Latehar,2011,0.7631473699548711,0,Moderate Risk
Latehar,2012,0.7631473699548711,0,Moderate Risk
Latehar,2013,0.5238103936948594,0,Moderate Risk
Latehar,2014,0.5238103936948594,0,Moderate Risk
Latehar,2015,0.6253007831636783,0,Moderate Risk
Latehar,2016,0.6253007831636783,0,Moderate Risk
Latehar,2017,0.6253007831636783,0,Moderate Risk
Latur,2011,0.7631473699548711,0,Moderate Risk
Latur,2012,0.7631473699548711,0,Moderate Risk
Latur,2013,0.5238103936948594,0,Moderate Risk
Latur,2014,0.5238103936948594,0,Moderate Risk
Latur,2015,0.6253007831636783,0,Moderate Risk
Latur,2016,0.6253007831636783,0,Moderate Risk
Latur,2017,0.6253007831636783,0,Moderate Risk
Lohardaga,2011,0.7631473699548711,0,Moderate Risk
Lohardaga,2012,0.7631473699548711,0,Moderate Risk
Lohardaga,2013,0.5238103936948594,0,Moderate Risk
Lohardaga,2014,0.5238103936948594,0,Moderate Risk
Lohardaga,2015,0.6253007831636783,0,Moderate Risk
Lohardaga,2016,0.6253007831636783,0,Moderate Risk
Lohardaga,2017,0.6253007831636783,0,Moderate Risk
Lucknow,2011,0.7631473699548711,0,Moderate Risk
Lucknow,2012,0.7631473699548711,0,Moderate Risk
Lucknow,2013,0.5238103936948594,0,Moderate Risk
Lucknow,2014,0.5238103936948594,0,Moderate Risk
Lucknow,2015,0.6253007831636783,0,Moderate Risk
Lucknow,2016,0.6253007831636783,0,Moderate Risk
Lucknow,2017,0.6253007831636783,0,Moderate Risk
Madhepura,2011,0.9369897259555857,1,High Risk
Madhepura,2012,0.8354388836773256,1,High Risk
Madhepura,2013,0.6341299786653143,0,Moderate Risk
Madhepura,2014,0.7244754846132341,0,Moderate Risk
Madhepura,2015,0.7995632359696266,0,Moderate Risk
Madhepura,2016,0.9399660203007764,1,High Risk
Madhepura,2017,0.9852736647069577,1,High Risk
Madhubani,2011,0.9777820433191943,1,High Risk
Madhubani,2012,0.9484818420188742,1,High Risk
Madhubani,2013,0.8627391150237367,1,High Risk
Madhubani,2014,0.8627391150237367,1,High Risk
Madhubani,2015,0.7995632359696266,0,Moderate Risk
Madhubani,2016,0.8675508523615099,1,High Risk
Madhubani,2017,0.885082936306528,1,High Risk
Madurai,2011,0.6253007831636783,0,Moderate Risk
Madurai,2012,0.6253007831636783,0,Moderate Risk
Madurai,2013,0.6253007831636783,0,Moderate Risk
Madurai,2014,0.6253007831636783,0,Moderate Risk
Madurai,2015,0.6253007831636783,0,Moderate Risk
Madurai,2016,0.4111172908619105,0,Moderate Risk
Madurai,2017,0.4111172908619105,0,Moderate Risk
Maharajganj,2011,0.4111172908619105,0,Moderate Risk
Maharajganj,2012,0.4111172908619105,0,Moderate Risk
Maharajganj,2013,0.4111172908619105,0,Moderate Risk
Maharajganj,2014,0.4111172908619105,0,Moderate Risk
Maharajganj,2015,0.4111172908619105,0,Moderate Risk
Maharajganj,2016,0.4111172908619105,0,Moderate Risk
Maharajganj,2017,0.4111172908619105,0,Moderate Risk
Mahasamund,2011,0.5238103936948594,0,Moderate Risk
Mahasamund,2012,0.5238103936948594,0,Moderate Risk
Mahasamund,2013,0.6253007831636783,0,Moderate Risk
Mahasamund,2014,0.6253007831636783,0,Moderate Risk
Mahasamund,2015,0.6253007831636783,0,Moderate Risk
Mahasamund,2016,0.6253007831636783,0,Moderate Risk
Mahasamund,2017,0.6253007831636783,0,Moderate Risk
Mahbubnagar,2011,0.8888785939288698,1,High Risk
Mahbubnagar,2012,0.8888785939288698,1,High Risk
Mahbubnagar,2013,0.8627391150237367,1,High Risk
Mahbubnagar,2014,0.8627391150237367,1,High Risk
Mahbubnagar,2015,0.9050830547904776,1,High Risk
Mahbubnagar,2016,0.9050830547904776,1,High Risk
Mahbubnagar,2017,0.9050830547904776,1,High Risk
Mahendragarh,2011,0.4111172908619105,0,Moderate Risk
Mahendragarh,2012,0.4111172908619105,0,Moderate Risk
Mahendragarh,2013,0.4111172908619105,0,Moderate Risk
Mahendragarh,2014,0.4111172908619105,0,Moderate Risk
Mahendragarh,2015,0.4111172908619105,0,Moderate Risk
Mahendragarh,2016,0.4111172908619105,0,Moderate Risk
Mahendragarh,2017,0.4111172908619105,0,Moderate Risk
Mahesana,2011,0.6253007831636783,0,Moderate Risk
Mahesana,2012,0.4111172908619105,0,Moderate Risk
Mahesana,2013,0.4111172908619105,0,Moderate Risk
Mahesana,2014,0.4111172908619105,0,Moderate Risk
Mahesana,2015,0.4111172908619105,0,Moderate Risk
Mahesana,2016,0.4111172908619105,0,Moderate Risk
Mahesana,2017,0.4111172908619105,0,Moderate Risk
Mahoba,2011,0.7631473699548711,0,Moderate Risk
Mahoba,2012,0.7631473699548711,0,Moderate Risk
Mahoba,2013,0.5238103936948594,0,Moderate Risk
Mahoba,2014,0.5238103936948594,0,Moderate Risk
Mahoba,2015,0.6253007831636783,0,Moderate Risk
Mahoba,2016,0.6253007831636783,0,Moderate Risk
Mahoba,2017,0.6253007831636783,0,Moderate Risk
Mainpuri,2011,0.885082936306528,1,High Risk
Mainpuri,2012,0.885082936306528,1,High Risk
Mainpuri,2013,0.7244754846132341,0,Moderate Risk
Mainpuri,2014,0.7244754846132341,0,Moderate Risk
Mainpuri,2015,0.7995632359696266,0,Moderate Risk
Mainpuri,2016,0.6253007831636783,0,Moderate Risk
Mainpuri,2017,0.6253007831636783,0,Moderate Risk
Maldah,2011,0.4111172908619105,0,Moderate Risk
Maldah,2012,0.4111172908619105,0,Moderate Risk
Maldah,2013,0.4111172908619105,0,Moderate Risk
Maldah,2014,0.4111172908619105,0,Moderate Risk
Maldah,2015,0.4111172908619105,0,Moderate Risk
Maldah,2016,0.7172791812640505,0,Moderate Risk
Maldah,2017,0.7631473699548711,0,Moderate Risk
Malkangiri,2011,0.4111172908619105,0,Moderate Risk
Malkangiri,2012,0.4111172908619105,0,Moderate Risk
Malkangiri,2013,0.4111172908619105,0,Moderate Risk
Malkangiri,2014,0.4111172908619105,0,Moderate Risk
Malkangiri,2015,0.4111172908619105,0,Moderate Risk
Malkangiri,2016,0.7326320312996201,0,Moderate Risk
Malkangiri,2017,0.7631473699548711,0,Moderate Risk
Mandi,2011,0.885082936306528,1,High Risk
Mandi,2012,0.885082936306528,1,High Risk
Mandi,2013,0.7244754846132341,0,Moderate Risk
Mandi,2014,0.7244754846132341,0,Moderate Risk
Mandi,2015,0.7995632359696266,0,Moderate Risk
Mandi,2016,0.6253007831636783,0,Moderate Risk
Mandi,2017,0.6253007831636783,0,Moderate Risk
Mandla,2011,0.7631473699548711,0,Moderate Risk
Mandla,2012,0.7631473699548711,0,Moderate Risk
Mandla,2013,0.5238103936948594,0,Moderate Risk
Mandla,2014,0.5238103936948594,0,Moderate Risk
Mandla,2015,0.6253007831636783,0,Moderate Risk
Mandla,2016,0.6253007831636783,0,Moderate Risk
Mandla,2017,0.8584484756136718,1,High Risk
Mandya,2011,0.8354388836773256,1,High Risk
Mandya,2012,0.8354388836773256,1,High Risk
Mandya,2013,0.7244754846132341,0,Moderate Risk
Mandya,2014,0.7244754846132341,0,Moderate Risk
Mandya,2015,0.7995632359696266,0,Moderate Risk
Mandya,2016,0.7995632359696266,0,Moderate Risk
Mandya,2017,0.7995632359696266,0,Moderate Risk
Mathura,2011,0.885082936306528,1,High Risk
Mathura,2012,0.885082936306528,1,High Risk
Mathura,2013,0.7244754846132341,0,Moderate Risk
Mathura,2014,0.7244754846132341,0,Moderate Risk
Mathura,2015,0.7995632359696266,0,Moderate Risk
Mathura,2016,0.6253007831636783,0,Moderate Risk
Mathura,2017,0.6253007831636783,0,Moderate Risk
Mau,2011,0.7631473699548711,0,Moderate Risk
Mau,2012,0.7631473699548711,0,Moderate Risk
Mau,2013,0.5238103936948594,0,Moderate Risk
Mau,2014,0.5238103936948594,0,Moderate Risk
Mau,2015,0.6253007831636783,0,Moderate Risk
Mau,2016,0.6253007831636783,0,Moderate Risk
Mau,2017,0.6253007831636783,0,Moderate Risk
Mayurbhanj,2011,0.5238103936948594,0,Moderate Risk
Mayurbhanj,2012,0.7998996636626555,0,Moderate Risk
Mayurbhanj,2013,0.885082936306528,1,High Risk
Mayurbhanj,2014,0.885082936306528,1,High Risk
Mayurbhanj,2015,0.7244754846132341,0,Moderate Risk
Mayurbhanj,2016,0.7244754846132341,0,Moderate Risk
Mayurbhanj,2017,0.7995632359696266,0,Moderate Risk
Medak,2011,0.4111172908619105,0,Moderate Risk
Medak,2012,0.4111172908619105,0,Moderate Risk
Medak,2013,0.4111172908619105,0,Moderate Risk
Medak,2014,0.4111172908619105,0,Moderate Risk
Medak,2015,0.4111172908619105,0,Moderate Risk
Medak,2016,0.4111172908619105,0,Moderate Risk
Medak,2017,0.4111172908619105,0,Moderate Risk
Meerut,2011,0.7631473699548711,0,Moderate Risk
Meerut,2012,0.7631473699548711,0,Moderate Risk
Meerut,2013,0.5238103936948594,0,Moderate Risk
Meerut,2014,0.5238103936948594,0,Moderate Risk
Meerut,2015,0.6253007831636783,0,Moderate Risk
Meerut,2016,0.6253007831636783,0,Moderate Risk
Meerut,2017,0.6253007831636783,0,Moderate Risk
Mirzapur,2011,0.7631473699548711,0,Moderate Risk
Mirzapur,2012,0.7631473699548711,0,Moderate Risk
Mirzapur,2013,0.5238103936948594,0,Moderate Risk
Mirzapur,2014,0.5238103936948594,0,Moderate Risk
Mirzapur,2015,0.6253007831636783,0,Moderate Risk
Mirzapur,2016,0.6253007831636783,0,Moderate Risk
Mirzapur,2017,0.6253007831636783,0,Moderate Risk
Mokokchung,2011,0.885082936306528,1,High Risk
Mokokchung,2012,0.885082936306528,1,High Risk
Mokokchung,2013,0.7244754846132341,0,Moderate Risk
Mokokchung,2014,0.7244754846132341,0,Moderate Risk
Mokokchung,2015,0.7995632359696266,0,Moderate Risk
Mokokchung,2016,0.6253007831636783,0,Moderate Risk
Mokokchung,2017,0.6253007831636783,0,Moderate Risk
Mon,2011,0.7631473699548711,0,Moderate Risk
Mon,2012,0.7631473699548711,0,Moderate Risk
Mon,2013,0.5238103936948594,0,Moderate Risk
Mon,2014,0.5238103936948594,0,Moderate Risk
Mon,2015,0.6253007831636783,0,Moderate Risk
Mon,2016,0.6253007831636783,0,Moderate Risk
Mon,2017,0.6253007831636783,0,Moderate Risk
Moradabad,2011,0.7631473699548711,0,Moderate Risk
Moradabad,2012,0.7631473699548711,0,Moderate Risk
Moradabad,2013,0.5238103936948594,0,Moderate Risk
Moradabad,2014,0.5238103936948594,0,Moderate Risk
Moradabad,2015,0.6253007831636783,0,Moderate Risk
Moradabad,2016,0.6253007831636783,0,Moderate Risk
Moradabad,2017,0.6253007831636783,0,Moderate Risk
Morena,2011,0.7631473699548711,0,Moderate Risk
Morena,2012,0.7631473699548711,0,Moderate Risk
Morena,2013,0.5238103936948594,0,Moderate Risk
Morena,2014,0.5238103936948594,0,Moderate Risk
Morena,2015,0.6253007831636783,0,Moderate Risk
Morena,2016,0.6253007831636783,0,Moderate Risk
Morena,2017,0.6253007831636783,0,Moderate Risk
Morigaon,2011,0.7631473699548711,0,Moderate Risk
Morigaon,2012,0.7631473699548711,0,Moderate Risk
Morigaon,2013,0.7998996636626555,0,Moderate Risk
Morigaon,2014,0.9485843871723824,1,High Risk
Morigaon,2015,0.9726373451053659,1,High Risk
Morigaon,2016,0.9937990975483448,1,High Risk
Morigaon,2017,0.9968915264099284,1,High Risk
Mumbai City,2011,0.8055630387793108,1,High Risk
Mumbai City,2012,0.8055630387793108,1,High Risk
Mumbai City,2013,0.9050830547904776,1,High Risk
Mumbai City,2014,0.9050830547904776,1,High Risk
Mumbai City,2015,0.9050830547904776,1,High Risk
Mumbai City,2016,0.7995632359696266,0,Moderate Risk
Mumbai City,2017,0.7995632359696266,0,Moderate Risk
Mumbai Suburban,2011,0.7631473699548711,0,Moderate Risk
Mumbai Suburban,2012,0.7631473699548711,0,Moderate Risk
Mumbai Suburban,2013,0.5238103936948594,0,Moderate Risk
Mumbai Suburban,2014,0.5238103936948594,0,Moderate Risk
Mumbai Suburban,2015,0.6253007831636783,0,Moderate Risk
Mumbai Suburban,2016,0.6253007831636783,0,Moderate Risk
Mumbai Suburban,2017,0.6253007831636783,0,Moderate Risk
Munger,2011,0.7631473699548711,0,Moderate Risk
Munger,2012,0.7631473699548711,0,Moderate Risk
Munger,2013,0.5238103936948594,0,Moderate Risk
Munger,2014,0.5238103936948594,0,Moderate Risk
Munger,2015,0.6253007831636783,0,Moderate Risk
Munger,2016,0.6253007831636783,0,Moderate Risk
Munger,2017,0.8584484756136718,1,High Risk
Murshidabad,2011,0.4111172908619105,0,Moderate Risk
Murshidabad,2012,0.4111172908619105,0,Moderate Risk
Murshidabad,2013,0.4111172908619105,0,Moderate Risk
Murshidabad,2014,0.4111172908619105,0,Moderate Risk
Murshidabad,2015,0.4111172908619105,0,Moderate Risk
Murshidabad,2016,0.4111172908619105,0,Moderate Risk
Murshidabad,2017,0.4111172908619105,0,Moderate Risk
Muzaffarnagar,2011,0.7631473699548711,0,Moderate Risk
Muzaffarnagar,2012,0.7631473699548711,0,Moderate Risk
Muzaffarnagar,2013,0.5238103936948594,0,Moderate Risk
Muzaffarnagar,2014,0.5238103936948594,0,Moderate Risk
Muzaffarnagar,2015,0.6253007831636783,0,Moderate Risk
Muzaffarnagar,2016,0.6253007831636783,0,Moderate Risk
Muzaffarnagar,2017,0.6253007831636783,0,Moderate Risk
Muzaffarpur,2011,0.9951006798337185,1,High Risk
Muzaffarpur,2012,0.9666761589982051,1,High Risk
Muzaffarpur,2013,0.9082865693922062,1,High Risk
Muzaffarpur,2014,0.9375958145378523,1,High Risk
Muzaffarpur,2015,0.9050830547904776,1,High Risk
Muzaffarpur,2016,0.7995632359696266,0,Moderate Risk
Muzaffarpur,2017,0.9827286962595478,1,High Risk
Mysore,2011,0.9238702707680505,1,High Risk
Mysore,2012,0.9238702707680505,1,High Risk
Mysore,2013,0.8627391150237367,1,High Risk
Mysore,2014,0.8627391150237367,1,High Risk
Mysore,2015,0.9050830547904776,1,High Risk
Mysore,2016,0.7995632359696266,0,Moderate Risk
Mysore,2017,0.7995632359696266,0,Moderate Risk
Nabarangapur,2011,0.4111172908619105,0,Moderate Risk
Nabarangapur,2012,0.4111172908619105,0,Moderate Risk
Nabarangapur,2013,0.4111172908619105,0,Moderate Risk
Nabarangapur,2014,0.4111172908619105,0,Moderate Risk
Nabarangapur,2015,0.4111172908619105,0,Moderate Risk
Nabarangapur,2016,0.7326320312996201,0,Moderate Risk
Nabarangapur,2017,0.7631473699548711,0,Moderate Risk
Nadia,2011,0.6253007831636783,0,Moderate Risk
Nadia,2012,0.6253007831636783,0,Moderate Risk
Nadia,2013,0.6253007831636783,0,Moderate Risk
Nadia,2014,0.6253007831636783,0,Moderate Risk
Nadia,2015,0.6253007831636783,0,Moderate Risk
Nadia,2016,0.4111172908619105,0,Moderate Risk
Nadia,2017,0.4111172908619105,0,Moderate Risk
Nagaon,2011,0.7631473699548711,0,Moderate Risk
Nagaon,2012,0.7631473699548711,0,Moderate Risk
Nagaon,2013,0.7998996636626555,0,Moderate Risk
Nagaon,2014,0.9485843871723824,1,High Risk
Nagaon,2015,0.9726373451053659,1,High Risk
Nagaon,2016,0.9580893943648688,1,High Risk
Nagaon,2017,0.9503010468351901,1,High Risk
Nagappattinam,2011,0.9852736647069577,1,High Risk
Nagappattinam,2012,0.9666761589982051,1,High Risk
Nagappattinam,2013,0.9666761589982051,1,High Risk
Nagappattinam,2014,0.9375958145378523,1,High Risk
Nagappattinam,2015,0.8627391150237367,1,High Risk
Nagappattinam,2016,0.9354701015814498,1,High Risk
Nagappattinam,2017,0.9484818420188742,1,High Risk
Nagaur,2011,0.7631473699548711,0,Moderate Risk
Nagaur,2012,0.7631473699548711,0,Moderate Risk
Nagaur,2013,0.5238103936948594,0,Moderate Risk
Nagaur,2014,0.5238103936948594,0,Moderate Risk
Nagaur,2015,0.6253007831636783,0,Moderate Risk
Nagaur,2016,0.6253007831636783,0,Moderate Risk
Nagaur,2017,0.6253007831636783,0,Moderate Risk
Nagpur,2011,0.6253007831636783,0,Moderate Risk
Nagpur,2012,0.6253007831636783,0,Moderate Risk
Nagpur,2013,0.6253007831636783,0,Moderate Risk
Nagpur,2014,0.6253007831636783,0,Moderate Risk
Nagpur,2015,0.6253007831636783,0,Moderate Risk
Nagpur,2016,0.4111172908619105,0,Moderate Risk
Nagpur,2017,0.4111172908619105,0,Moderate Risk
Nainital,2011,0.7172791812640505,0,Moderate Risk
Nainital,2012,0.7631473699548711,0,Moderate Risk
Nainital,2013,0.7631473699548711,0,Moderate Risk
Nainital,2014,0.5238103936948594,0,Moderate Risk
Nainital,2015,0.5238103936948594,0,Moderate Risk
Nainital,2016,0.6253007831636783,0,Moderate Risk
Nainital,2017,0.6253007831636783,0,Moderate Risk
Nalanda,2011,0.9369897259555857,1,High Risk
Nalanda,2012,0.8354388836773256,1,High Risk
Nalanda,2013,0.6341299786653143,0,Moderate Risk
Nalanda,2014,0.7244754846132341,0,Moderate Risk
Nalanda,2015,0.7995632359696266,0,Moderate Risk
Nalanda,2016,0.7995632359696266,0,Moderate Risk
Nalanda,2017,0.9354701015814498,1,High Risk
Nalbari,2011,0.9679795701176226,1,High Risk
Nalbari,2012,0.9726373451053659,1,High Risk
Nalbari,2013,0.9778276307651528,1,High Risk
Nalbari,2014,0.9503010468351901,1,High Risk
Nalbari,2015,0.9238702707680505,1,High Risk
Nalbari,2016,0.9772872022928109,1,High Risk
Nalbari,2017,0.9979488587168198,1,High Risk
Nalgonda,2011,0.9238702707680505,1,High Risk
Nalgonda,2012,0.9238702707680505,1,High Risk
Nalgonda,2013,0.8627391150237367,1,High Risk
Nalgonda,2014,0.8627391150237367,1,High Risk
Nalgonda,2015,0.9050830547904776,1,High Risk
Nalgonda,2016,0.7995632359696266,0,Moderate Risk
Nalgonda,2017,0.7995632359696266,0,Moderate Risk
Namakkal,2011,0.6253007831636783,0,Moderate Risk
Namakkal,2012,0.6253007831636783,0,Moderate Risk
Namakkal,2013,0.6253007831636783,0,Moderate Risk
Namakkal,2014,0.6253007831636783,0,Moderate Risk
Namakkal,2015,0.6253007831636783,0,Moderate Risk
Namakkal,2016,0.4111172908619105,0,Moderate Risk
Namakkal,2017,0.4111172908619105,0,Moderate Risk
Nanded,2011,0.7631473699548711,0,Moderate Risk
Nanded,2012,0.7631473699548711,0,Moderate Risk
Nanded,2013,0.5238103936948594,0,Moderate Risk
Nanded,2014,0.5238103936948594,0,Moderate Risk
Nanded,2015,0.6253007831636783,0,Moderate Risk
Nanded,2016,0.6253007831636783,0,Moderate Risk
Nanded,2017,0.6253007831636783,0,Moderate Risk
Nandurbar,2011,0.7631473699548711,0,Moderate Risk
Nandurbar,2012,0.7631473699548711,0,Moderate Risk
Nandurbar,2013,0.5238103936948594,0,Moderate Risk
Nandurbar,2014,0.5238103936948594,0,Moderate Risk
Nandurbar,2015,0.6253007831636783,0,Moderate Risk
Nandurbar,2016,0.6253007831636783,0,Moderate Risk
Nandurbar,2017,0.6253007831636783,0,Moderate Risk
Narmada,2011,0.7995632359696266,0,Moderate Risk
Narmada,2012,0.7995632359696266,0,Moderate Risk
Narmada,2013,0.7995632359696266,0,Moderate Risk
Narmada,2014,0.7995632359696266,0,Moderate Risk
Narmada,2015,0.7995632359696266,0,Moderate Risk
Narmada,2016,0.4111172908619105,0,Moderate Risk
Narmada,2017,0.4111172908619105,0,Moderate Risk
Narsimhapur,2011,0.885082936306528,1,High Risk
Narsimhapur,2012,0.885082936306528,1,High Risk
Narsimhapur,2013,0.7244754846132341,0,Moderate Risk
Narsimhapur,2014,0.905263355540787,1,High Risk
Narsimhapur,2015,0.9484818420188742,1,High Risk
Narsimhapur,2016,0.885082936306528,1,High Risk
Narsimhapur,2017,0.7244754846132341,0,Moderate Risk
Nashik,2011,0.885082936306528,1,High Risk
Nashik,2012,0.885082936306528,1,High Risk
Nashik,2013,0.5238103936948594,0,Moderate Risk
Nashik,2014,0.5238103936948594,0,Moderate Risk
Nashik,2015,0.6253007831636783,0,Moderate Risk
Nashik,2016,0.6253007831636783,0,Moderate Risk
Nashik,2017,0.8584484756136718,1,High Risk
Navsari,2011,0.8627391150237367,1,High Risk
Navsari,2012,0.7995632359696266,0,Moderate Risk
Navsari,2013,0.7995632359696266,0,Moderate Risk
Navsari,2014,0.7995632359696266,0,Moderate Risk
Navsari,2015,0.7995632359696266,0,Moderate Risk
Navsari,2016,0.6253007831636783,0,Moderate Risk
Navsari,2017,0.7172791812640505,0,Moderate Risk
Nawada,2011,0.7631473699548711,0,Moderate Risk
Nawada,2012,0.7631473699548711,0,Moderate Risk
Nawada,2013,0.5238103936948594,0,Moderate Risk
Nawada,2014,0.5238103936948594,0,Moderate Risk
Nawada,2015,0.6253007831636783,0,Moderate Risk
Nawada,2016,0.6253007831636783,0,Moderate Risk
Nawada,2017,0.6253007831636783,0,Moderate Risk
Nayagarh,2011,0.6253007831636783,0,Moderate Risk
Nayagarh,2012,0.8584484756136718,1,High Risk
Nayagarh,2013,0.885082936306528,1,High Risk
Nayagarh,2014,0.7631473699548711,0,Moderate Risk
Nayagarh,2015,0.5238103936948594,0,Moderate Risk
Nayagarh,2016,0.5238103936948594,0,Moderate Risk
Nayagarh,2017,0.6253007831636783,0,Moderate Risk
Nellore,2011,0.9610442901007201,1,High Risk
Nellore,2012,0.9666761589982051,1,High Risk
Nellore,2013,0.9777820433191943,1,High Risk
Nellore,2014,0.9375958145378523,1,High Risk
Nellore,2015,0.8627391150237367,1,High Risk
Nellore,2016,0.9354701015814498,1,High Risk
Nellore,2017,0.9484818420188742,1,High Risk
Nicobar Islands,2011,0.6253007831636783,0,Moderate Risk
Nicobar Islands,2012,0.6253007831636783,0,Moderate Risk
Nicobar Islands,2013,0.6253007831636783,0,Moderate Risk
Nicobar Islands,2014,0.6253007831636783,0,Moderate Risk
Nicobar Islands,2015,0.4111172908619105,0,Moderate Risk
Nicobar Islands,2016,0.4111172908619105,0,Moderate Risk
Nicobar Islands,2017,0.4111172908619105,0,Moderate Risk
Nizamabad,2011,0.4111172908619105,0,Moderate Risk
Nizamabad,2012,0.4111172908619105,0,Moderate Risk
Nizamabad,2013,0.4111172908619105,0,Moderate Risk
Nizamabad,2014,0.4111172908619105,0,Moderate Risk
Nizamabad,2015,0.4111172908619105,0,Moderate Risk
Nizamabad,2016,0.4111172908619105,0,Moderate Risk
Nizamabad,2017,0.4111172908619105,0,Moderate Risk
North And Middle Andaman,2011,0.7995632359696266,0,Moderate Risk
North And Middle Andaman,2012,0.7995632359696266,0,Moderate Risk
North And Middle Andaman,2013,0.6253007831636783,0,Moderate Risk
North And Middle Andaman,2014,0.6253007831636783,0,Moderate Risk
North And Middle Andaman,2015,0.4111172908619105,0,Moderate Risk
North And Middle Andaman,2016,0.4111172908619105,0,Moderate Risk
North And Middle Andaman,2017,0.4111172908619105,0,Moderate Risk
Nuapada,2011,0.4111172908619105,0,Moderate Risk
Nuapada,2012,0.7172791812640505,0,Moderate Risk
Nuapada,2013,0.7631473699548711,0,Moderate Risk
Nuapada,2014,0.7631473699548711,0,Moderate Risk
Nuapada,2015,0.5238103936948594,0,Moderate Risk
Nuapada,2016,0.5238103936948594,0,Moderate Risk
Nuapada,2017,0.6253007831636783,0,Moderate Risk
Osmanabad,2011,0.7631473699548711,0,Moderate Risk
Osmanabad,2012,0.7631473699548711,0,Moderate Risk
Osmanabad,2013,0.5238103936948594,0,Moderate Risk
Osmanabad,2014,0.5238103936948594,0,Moderate Risk
Osmanabad,2015,0.6253007831636783,0,Moderate Risk
Osmanabad,2016,0.6253007831636783,0,Moderate Risk
Osmanabad,2017,0.6253007831636783,0,Moderate Risk
Pakur,2011,0.7631473699548711,0,Moderate Risk
Pakur,2012,0.7631473699548711,0,Moderate Risk
Pakur,2013,0.5238103936948594,0,Moderate Risk
Pakur,2014,0.5238103936948594,0,Moderate Risk
Pakur,2015,0.6253007831636783,0,Moderate Risk
Pakur,2016,0.6253007831636783,0,Moderate Risk
Pakur,2017,0.6253007831636783,0,Moderate Risk
Palamu,2011,0.7631473699548711,0,Moderate Risk
Palamu,2012,0.7631473699548711,0,Moderate Risk
Palamu,2013,0.5238103936948594,0,Moderate Risk
Palamu,2014,0.5238103936948594,0,Moderate Risk
Palamu,2015,0.6253007831636783,0,Moderate Risk
Palamu,2016,0.6253007831636783,0,Moderate Risk
Palamu,2017,0.6253007831636783,0,Moderate Risk
Pali,2011,0.7631473699548711,0,Moderate Risk
Pali,2012,0.7631473699548711,0,Moderate Risk
Pali,2013,0.5238103936948594,0,Moderate Risk
Pali,2014,0.5238103936948594,0,Moderate Risk
Pali,2015,0.6253007831636783,0,Moderate Risk
Pali,2016,0.6253007831636783,0,Moderate Risk
Pali,2017,0.6253007831636783,0,Moderate Risk
Panch Mahals,2011,0.6253007831636783,0,Moderate Risk
Panch Mahals,2012,0.6253007831636783,0,Moderate Risk
Panch Mahals,2013,0.6253007831636783,0,Moderate Risk
Panch Mahals,2014,0.6253007831636783,0,Moderate Risk
Panch Mahals,2015,0.6253007831636783,0,Moderate Risk
Panch Mahals,2016,0.4111172908619105,0,Moderate Risk
Panch Mahals,2017,0.4111172908619105,0,Moderate Risk
Panna,2011,0.885082936306528,1,High Risk
Panna,2012,0.885082936306528,1,High Risk
Panna,2013,0.7244754846132341,0,Moderate Risk
Panna,2014,0.7244754846132341,0,Moderate Risk
Panna,2015,0.7995632359696266,0,Moderate Risk
Panna,2016,0.6253007831636783,0,Moderate Risk
Panna,2017,0.8584484756136718,1,High Risk
Papum Pare,2011,0.4111172908619105,0,Moderate Risk
Papum Pare,2012,0.4111172908619105,0,Moderate Risk
Papum Pare,2013,0.4111172908619105,0,Moderate Risk
Papum Pare,2014,0.4111172908619105,0,Moderate Risk
Papum Pare,2015,0.4111172908619105,0,Moderate Risk
Papum Pare,2016,0.4111172908619105,0,Moderate Risk
Papum Pare,2017,0.4111172908619105,0,Moderate Risk
Parbhani,2011,0.7631473699548711,0,Moderate Risk
Parbhani,2012,0.7631473699548711,0,Moderate Risk
Parbhani,2013,0.5238103936948594,0,Moderate Risk
Parbhani,2014,0.5238103936948594,0,Moderate Risk
Parbhani,2015,0.6253007831636783,0,Moderate Risk
Parbhani,2016,0.6253007831636783,0,Moderate Risk
Parbhani,2017,0.6253007831636783,0,Moderate Risk
Pashchim Champaran,2011,0.885082936306528,1,High Risk
Pashchim Champaran,2012,0.5238103936948594,0,Moderate Risk
Pashchim Champaran,2013,0.5238103936948594,0,Moderate Risk
Pashchim Champaran,2014,0.6253007831636783,0,Moderate Risk
Pashchim Champaran,2015,0.6253007831636783,0,Moderate Risk
Pashchim Champaran,2016,0.6253007831636783,0,Moderate Risk
Pashchim Champaran,2017,0.6253007831636783,0,Moderate Risk
Pashchim Medinipur,2011,0.7244754846132341,0,Moderate Risk
Pashchim Medinipur,2012,0.7244754846132341,0,Moderate Risk
Pashchim Medinipur,2013,0.7995632359696266,0,Moderate Risk
Pashchim Medinipur,2014,0.7995632359696266,0,Moderate Risk
Pashchim Medinipur,2015,0.7995632359696266,0,Moderate Risk
Pashchim Medinipur,2016,0.6253007831636783,0,Moderate Risk
Pashchim Medinipur,2017,0.6253007831636783,0,Moderate Risk
Pashchimi Singhbhum,2011,0.7631473699548711,0,Moderate Risk
Pashchimi Singhbhum,2012,0.7631473699548711,0,Moderate Risk
Pashchimi Singhbhum,2013,0.5238103936948594,0,Moderate Risk
Pashchimi Singhbhum,2014,0.5238103936948594,0,Moderate Risk
Pashchimi Singhbhum,2015,0.6253007831636783,0,Moderate Risk
Pashchimi Singhbhum,2016,0.6253007831636783,0,Moderate Risk
Pashchimi Singhbhum,2017,0.6253007831636783,0,Moderate Risk
Patan,2011,0.6253007831636783,0,Moderate Risk
Patan,2012,0.4111172908619105,0,Moderate Risk
Patan,2013,0.4111172908619105,0,Moderate Risk
Patan,2014,0.4111172908619105,0,Moderate Risk
Patan,2015,0.4111172908619105,0,Moderate Risk
Patan,2016,0.7172791812640505,0,Moderate Risk
Patan,2017,0.7631473699548711,0,Moderate Risk
Pathanamthitta,2011,0.6253007831636783,0,Moderate Risk
Pathanamthitta,2012,0.4111172908619105,0,Moderate Risk
Pathanamthitta,2013,0.4111172908619105,0,Moderate Risk
Pathanamthitta,2014,0.4111172908619105,0,Moderate Risk
Pathanamthitta,2015,0.4111172908619105,0,Moderate Risk
Pathanamthitta,2016,0.4111172908619105,0,Moderate Risk
Pathanamthitta,2017,0.4111172908619105,0,Moderate Risk
Patna,2011,0.9726373451053659,1,High Risk
Patna,2012,0.8354388836773256,1,High Risk
Patna,2013,0.6341299786653143,0,Moderate Risk
Patna,2014,0.7244754846132341,0,Moderate Risk
Patna,2015,0.7995632359696266,0,Moderate Risk
Patna,2016,0.7995632359696266,0,Moderate Risk
Patna,2017,0.9827286962595478,1,High Risk
Perambalur,2011,0.6253007831636783,0,Moderate Risk
Perambalur,2012,0.6253007831636783,0,Moderate Risk
Perambalur,2013,0.6253007831636783,0,Moderate Risk
Perambalur,2014,0.6253007831636783,0,Moderate Risk
Perambalur,2015,0.6253007831636783,0,Moderate Risk
Perambalur,2016,0.4111172908619105,0,Moderate Risk
Perambalur,2017,0.4111172908619105,0,Moderate Risk
Phek,2011,0.7631473699548711,0,Moderate Risk
Phek,2012,0.7631473699548711,0,Moderate Risk
Phek,2013,0.5238103936948594,0,Moderate Risk
Phek,2014,0.5238103936948594,0,Moderate Risk
Phek,2015,0.6253007831636783,0,Moderate Risk
Phek,2016,0.6253007831636783,0,Moderate Risk
Phek,2017,0.6253007831636783,0,Moderate Risk
Pilibhit,2011,0.7631473699548711,0,Moderate Risk
Pilibhit,2012,0.7631473699548711,0,Moderate Risk
Pilibhit,2013,0.5238103936948594,0,Moderate Risk
Pilibhit,2014,0.5238103936948594,0,Moderate Risk
Pilibhit,2015,0.6253007831636783,0,Moderate Risk
Pilibhit,2016,0.6253007831636783,0,Moderate Risk
Pilibhit,2017,0.6253007831636783,0,Moderate Risk
Pithoragarh,2011,0.7631473699548711,0,Moderate Risk
Pithoragarh,2012,0.7631473699548711,0,Moderate Risk
Pithoragarh,2013,0.5238103936948594,0,Moderate Risk
Pithoragarh,2014,0.5238103936948594,0,Moderate Risk
Pithoragarh,2015,0.6253007831636783,0,Moderate Risk
Pithoragarh,2016,0.6253007831636783,0,Moderate Risk
Pithoragarh,2017,0.8584484756136718,1,High Risk
Poonch,2011,0.6253007831636783,0,Moderate Risk
Poonch,2012,0.6253007831636783,0,Moderate Risk
Poonch,2013,0.6253007831636783,0,Moderate Risk
Poonch,2014,0.6253007831636783,0,Moderate Risk
Poonch,2015,0.6253007831636783,0,Moderate Risk
Poonch,2016,0.4111172908619105,0,Moderate Risk
Poonch,2017,0.4111172908619105,0,Moderate Risk
Porbandar,2011,0.6253007831636783,0,Moderate Risk
Porbandar,2012,0.4111172908619105,0,Moderate Risk
Porbandar,2013,0.4111172908619105,0,Moderate Risk
Porbandar,2014,0.4111172908619105,0,Moderate Risk
Porbandar,2015,0.4111172908619105,0,Moderate Risk
Porbandar,2016,0.4111172908619105,0,Moderate Risk
Porbandar,2017,0.4111172908619105,0,Moderate Risk
Prakasam,2011,0.9116651045865156,1,High Risk
Prakasam,2012,0.9238702707680505,1,High Risk
Prakasam,2013,0.9484818420188742,1,High Risk
Prakasam,2014,0.8627391150237367,1,High Risk
Prakasam,2015,0.7244754846132341,0,Moderate Risk
Prakasam,2016,0.9354701015814498,1,High Risk
Prakasam,2017,0.9484818420188742,1,High Risk
Pratapgarh,2011,0.7631473699548711,0,Moderate Risk
Pratapgarh,2012,0.7631473699548711,0,Moderate Risk
Pratapgarh,2013,0.5238103936948594,0,Moderate Risk
Pratapgarh,2014,0.5238103936948594,0,Moderate Risk
Pratapgarh,2015,0.6253007831636783,0,Moderate Risk
Pratapgarh,2016,0.6253007831636783,0,Moderate Risk
Pratapgarh,2017,0.6253007831636783,0,Moderate Risk
Puducherry,2011,0.6253007831636783,0,Moderate Risk
Puducherry,2012,0.8675508523615099,1,High Risk
Puducherry,2013,0.885082936306528,1,High Risk
Puducherry,2014,0.885082936306528,1,High Risk
Puducherry,2015,0.5238103936948594,0,Moderate Risk
Puducherry,2016,0.5238103936948594,0,Moderate Risk
Puducherry,2017,0.6253007831636783,0,Moderate Risk
Pudukkottai,2011,0.9655045832249007,1,High Risk
Pudukkottai,2012,0.9238702707680505,1,High Risk
Pudukkottai,2013,0.9238702707680505,1,High Risk
Pudukkottai,2014,0.8627391150237367,1,High Risk
Pudukkottai,2015,0.7244754846132341,0,Moderate Risk
Pudukkottai,2016,0.7995632359696266,0,Moderate Risk
Pudukkottai,2017,0.7995632359696266,0,Moderate Risk
Pune,2011,0.8354388836773256,1,High Risk
Pune,2012,0.8354388836773256,1,High Risk
Pune,2013,0.7244754846132341,0,Moderate Risk
Pune,2014,0.7244754846132341,0,Moderate Risk
Pune,2015,0.8825534667690267,1,High Risk
Pune,2016,0.9484818420188742,1,High Risk
Pune,2017,0.9852736647069577,1,High Risk
Purba Champaran,2011,0.7995632359696266,0,Moderate Risk
Purba Champaran,2012,0.4111172908619105,0,Moderate Risk
Purba Champaran,2013,0.4111172908619105,0,Moderate Risk
Purba Champaran,2014,0.4111172908619105,0,Moderate Risk
Purba Champaran,2015,0.4111172908619105,0,Moderate Risk
Purba Champaran,2016,0.4111172908619105,0,Moderate Risk
Purba Champaran,2017,0.7172791812640505,0,Moderate Risk
Purbi Singhbhum,2011,0.7631473699548711,0,Moderate Risk
Purbi Singhbhum,2012,0.7631473699548711,0,Moderate Risk
Purbi Singhbhum,2013,0.5238103936948594,0,Moderate Risk
Purbi Singhbhum,2014,0.5238103936948594,0,Moderate Risk
Purbi Singhbhum,2015,0.6253007831636783,0,Moderate Risk
Purbi Singhbhum,2016,0.6253007831636783,0,Moderate Risk
Purbi Singhbhum,2017,0.6253007831636783,0,Moderate Risk
Puri,2011,0.9082865693922062,1,High Risk
Puri,2012,0.9377186051296478,1,High Risk
Puri,2013,0.9777820433191943,1,High Risk
Puri,2014,0.9484818420188742,1,High Risk
Puri,2015,0.8627391150237367,1,High Risk
Puri,2016,0.8627391150237367,1,High Risk
Puri,2017,0.9050830547904776,1,High Risk
Purnia,2011,0.9369897259555857,1,High Risk
Purnia,2012,0.8354388836773256,1,High Risk
Purnia,2013,0.6341299786653143,0,Moderate Risk
Purnia,2014,0.7244754846132341,0,Moderate Risk
Purnia,2015,0.7995632359696266,0,Moderate Risk
Purnia,2016,0.9399660203007764,1,High Risk
Purnia,2017,0.9852736647069577,1,High Risk
Rae Bareli,2011,0.7631473699548711,0,Moderate Risk
Rae Bareli,2012,0.7631473699548711,0,Moderate Risk
Rae Bareli,2013,0.5238103936948594,0,Moderate Risk
Rae Bareli,2014,0.7998996636626555,0,Moderate Risk
Rae Bareli,2015,0.885082936306528,1,High Risk
Rae Bareli,2016,0.885082936306528,1,High Risk
Rae Bareli,2017,0.7244754846132341,0,Moderate Risk
Raichur,2011,0.9369897259555857,1,High Risk
Raichur,2012,0.9369897259555857,1,High Risk
Raichur,2013,0.6341299786653143,0,Moderate Risk
Raichur,2014,0.6341299786653143,0,Moderate Risk
Raichur,2015,0.7995632359696266,0,Moderate Risk
Raichur,2016,0.7995632359696266,0,Moderate Risk
Raichur,2017,0.7995632359696266,0,Moderate Risk
Raigarh,2011,0.7631473699548711,0,Moderate Risk
Raigarh,2012,0.7631473699548711,0,Moderate Risk
Raigarh,2013,0.5238103936948594,0,Moderate Risk
Raigarh,2014,0.5238103936948594,0,Moderate Risk
Raigarh,2015,0.6253007831636783,0,Moderate Risk
Raigarh,2016,0.6253007831636783,0,Moderate Risk
Raigarh,2017,0.95659546205106,1,High Risk
Raipur,2011,0.5238103936948594,0,Moderate Risk
Raipur,2012,0.5238103936948594,0,Moderate Risk
Raipur,2013,0.6253007831636783,0,Moderate Risk
Raipur,2014,0.6253007831636783,0,Moderate Risk
Raipur,2015,0.6253007831636783,0,Moderate Risk
Raipur,2016,0.6253007831636783,0,Moderate Risk
Raipur,2017,0.6253007831636783,0,Moderate Risk
Raisen,2011,0.7631473699548711,0,Moderate Risk
Raisen,2012,0.7631473699548711,0,Moderate Risk
Raisen,2013,0.5238103936948594,0,Moderate Risk
Raisen,2014,0.5238103936948594,0,Moderate Risk
Raisen,2015,0.6253007831636783,0,Moderate Risk
Raisen,2016,0.6253007831636783,0,Moderate Risk
Raisen,2017,0.8584484756136718,1,High Risk
Rajgarh,2011,0.7631473699548711,0,Moderate Risk
Rajgarh,2012,0.7631473699548711,0,Moderate Risk
Rajgarh,2013,0.5238103936948594,0,Moderate Risk
Rajgarh,2014,0.5238103936948594,0,Moderate Risk
Rajgarh,2015,0.6253007831636783,0,Moderate Risk
Rajgarh,2016,0.6253007831636783,0,Moderate Risk
Rajgarh,2017,0.6253007831636783,0,Moderate Risk
Rajkot,2011,0.7995632359696266,0,Moderate Risk
Rajkot,2012,0.6253007831636783,0,Moderate Risk
Rajkot,2013,0.6253007831636783,0,Moderate Risk
Rajkot,2014,0.6253007831636783,0,Moderate Risk
Rajkot,2015,0.6253007831636783,0,Moderate Risk
Rajkot,2016,0.7172791812640505,0,Moderate Risk
Rajkot,2017,0.7631473699548711,0,Moderate Risk
Rajnandgaon,2011,0.6253007831636783,0,Moderate Risk
Rajnandgaon,2012,0.6253007831636783,0,Moderate Risk
Rajnandgaon,2013,0.6253007831636783,0,Moderate Risk
Rajnandgaon,2014,0.6253007831636783,0,Moderate Risk
Rajnandgaon,2015,0.6253007831636783,0,Moderate Risk
Rajnandgaon,2016,0.4111172908619105,0,Moderate Risk
Rajnandgaon,2017,0.4111172908619105,0,Moderate Risk
Rajsamand,2011,0.7631473699548711,0,Moderate Risk
Rajsamand,2012,0.7631473699548711,0,Moderate Risk
Rajsamand,2013,0.5238103936948594,0,Moderate Risk
Rajsamand,2014,0.5238103936948594,0,Moderate Risk
Rajsamand,2015,0.6253007831636783,0,Moderate Risk
Rajsamand,2016,0.6253007831636783,0,Moderate Risk
Rajsamand,2017,0.6253007831636783,0,Moderate Risk
Ramanathapuram,2011,0.9655045832249007,1,High Risk
Ramanathapuram,2012,0.9238702707680505,1,High Risk
Ramanathapuram,2013,0.9238702707680505,1,High Risk
Ramanathapuram,2014,0.8627391150237367,1,High Risk
Ramanathapuram,2015,0.7244754846132341,0,Moderate Risk
Ramanathapuram,2016,0.7995632359696266,0,Moderate Risk
Ramanathapuram,2017,0.7995632359696266,0,Moderate Risk
Rampur,2011,0.7631473699548711,0,Moderate Risk
Rampur,2012,0.7631473699548711,0,Moderate Risk
Rampur,2013,0.5238103936948594,0,Moderate Risk
Rampur,2014,0.5238103936948594,0,Moderate Risk
Rampur,2015,0.6253007831636783,0,Moderate Risk
Rampur,2016,0.6253007831636783,0,Moderate Risk
Rampur,2017,0.6253007831636783,0,Moderate Risk
Ranchi,2011,0.7631473699548711,0,Moderate Risk
Ranchi,2012,0.7631473699548711,0,Moderate Risk
Ranchi,2013,0.5238103936948594,0,Moderate Risk
Ranchi,2014,0.5238103936948594,0,Moderate Risk
Ranchi,2015,0.6253007831636783,0,Moderate Risk
Ranchi,2016,0.6253007831636783,0,Moderate Risk
Ranchi,2017,0.6253007831636783,0,Moderate Risk
Ranga Reddy,2011,0.4111172908619105,0,Moderate Risk
Ranga Reddy,2012,0.4111172908619105,0,Moderate Risk
Ranga Reddy,2013,0.4111172908619105,0,Moderate Risk
Ranga Reddy,2014,0.4111172908619105,0,Moderate Risk
Ranga Reddy,2015,0.4111172908619105,0,Moderate Risk
Ranga Reddy,2016,0.4111172908619105,0,Moderate Risk
Ranga Reddy,2017,0.4111172908619105,0,Moderate Risk
Ratlam,2011,0.7631473699548711,0,Moderate Risk
Ratlam,2012,0.7631473699548711,0,Moderate Risk
Ratlam,2013,0.5238103936948594,0,Moderate Risk
Ratlam,2014,0.5238103936948594,0,Moderate Risk
Ratlam,2015,0.6253007831636783,0,Moderate Risk
Ratlam,2016,0.6253007831636783,0,Moderate Risk
Ratlam,2017,0.6253007831636783,0,Moderate Risk
Ratnagiri,2011,0.4111172908619105,0,Moderate Risk
Ratnagiri,2012,0.4111172908619105,0,Moderate Risk
Ratnagiri,2013,0.4111172908619105,0,Moderate Risk
Ratnagiri,2014,0.4111172908619105,0,Moderate Risk
Ratnagiri,2015,0.4111172908619105,0,Moderate Risk
Ratnagiri,2016,0.4111172908619105,0,Moderate Risk
Ratnagiri,2017,0.7172791812640505,0,Moderate Risk
Rayagada,2011,0.7244754846132341,0,Moderate Risk
Rayagada,2012,0.7995632359696266,0,Moderate Risk
Rayagada,2013,0.7995632359696266,0,Moderate Risk
Rayagada,2014,0.6253007831636783,0,Moderate Risk
Rayagada,2015,0.6253007831636783,0,Moderate Risk
Rayagada,2016,0.6253007831636783,0,Moderate Risk
Rayagada,2017,0.4111172908619105,0,Moderate Risk
Rewa,2011,0.885082936306528,1,High Risk
Rewa,2012,0.885082936306528,1,High Risk
Rewa,2013,0.7244754846132341,0,Moderate Risk
Rewa,2014,0.7244754846132341,0,Moderate Risk
Rewa,2015,0.7995632359696266,0,Moderate Risk
Rewa,2016,0.6253007831636783,0,Moderate Risk
Rewa,2017,0.8584484756136718,1,High Risk
Rohtak,2011,0.4111172908619105,0,Moderate Risk
Rohtak,2012,0.4111172908619105,0,Moderate Risk
Rohtak,2013,0.4111172908619105,0,Moderate Risk
Rohtak,2014,0.4111172908619105,0,Moderate Risk
Rohtak,2015,0.4111172908619105,0,Moderate Risk
Rohtak,2016,0.4111172908619105,0,Moderate Risk
Rohtak,2017,0.4111172908619105,0,Moderate Risk
Rohtas,2011,0.7631473699548711,0,Moderate Risk
Rohtas,2012,0.7631473699548711,0,Moderate Risk
Rohtas,2013,0.5238103936948594,0,Moderate Risk
Rohtas,2014,0.5238103936948594,0,Moderate Risk
Rohtas,2015,0.6253007831636783,0,Moderate Risk
Rohtas,2016,0.6253007831636783,0,Moderate Risk
Rohtas,2017,0.6253007831636783,0,Moderate Risk
Rudraprayag,2011,0.6253007831636783,0,Moderate Risk
Rudraprayag,2012,0.4111172908619105,0,Moderate Risk
Rudraprayag,2013,0.7172791812640505,0,Moderate Risk
Rudraprayag,2014,0.7631473699548711,0,Moderate Risk
Rudraprayag,2015,0.7631473699548711,0,Moderate Risk
Rudraprayag,2016,0.5238103936948594,0,Moderate Risk
Rudraprayag,2017,0.5238103936948594,0,Moderate Risk
Sabar Kantha,2011,0.7995632359696266,0,Moderate Risk
Sabar Kantha,2012,0.6253007831636783,0,Moderate Risk
Sabar Kantha,2013,0.6253007831636783,0,Moderate Risk
Sabar Kantha,2014,0.6253007831636783,0,Moderate Risk
Sabar Kantha,2015,0.6253007831636783,0,Moderate Risk
Sabar Kantha,2016,0.4111172908619105,0,Moderate Risk
Sabar Kantha,2017,0.4111172908619105,0,Moderate Risk
Sagar,2011,0.9726373451053659,1,High Risk
Sagar,2012,0.9726373451053659,1,High Risk
Sagar,2013,0.8055630387793108,1,High Risk
Sagar,2014,0.8055630387793108,1,High Risk
Sagar,2015,0.9050830547904776,1,High Risk
Sagar,2016,0.7995632359696266,0,Moderate Risk
Sagar,2017,0.9354701015814498,1,High Risk
Saharanpur,2011,0.7631473699548711,0,Moderate Risk
Saharanpur,2012,0.7631473699548711,0,Moderate Risk
Saharanpur,2013,0.5238103936948594,0,Moderate Risk
Saharanpur,2014,0.5238103936948594,0,Moderate Risk
Saharanpur,2015,0.6253007831636783,0,Moderate Risk
Saharanpur,2016,0.6253007831636783,0,Moderate Risk
Saharanpur,2017,0.6253007831636783,0,Moderate Risk
Saharsa,2011,0.9369897259555857,1,High Risk
Saharsa,2012,0.8354388836773256,1,High Risk
Saharsa,2013,0.6341299786653143,0,Moderate Risk
Saharsa,2014,0.7244754846132341,0,Moderate Risk
Saharsa,2015,0.7995632359696266,0,Moderate Risk
Saharsa,2016,0.7995632359696266,0,Moderate Risk
Saharsa,2017,0.9354701015814498,1,High Risk
Sahibganj,2011,0.7631473699548711,0,Moderate Risk
Sahibganj,2012,0.7631473699548711,0,Moderate Risk
Sahibganj,2013,0.5238103936948594,0,Moderate Risk
Sahibganj,2014,0.5238103936948594,0,Moderate Risk
Sahibganj,2015,0.6253007831636783,0,Moderate Risk
Sahibganj,2016,0.6253007831636783,0,Moderate Risk
Sahibganj,2017,0.6253007831636783,0,Moderate Risk
Salem,2011,0.6253007831636783,0,Moderate Risk
Salem,2012,0.6253007831636783,0,Moderate Risk
Salem,2013,0.6253007831636783,0,Moderate Risk
Salem,2014,0.6253007831636783,0,Moderate Risk
Salem,2015,0.6253007831636783,0,Moderate Risk
Salem,2016,0.4111172908619105,0,Moderate Risk
Salem,2017,0.4111172908619105,0,Moderate Risk
Samastipur,2011,0.4111172908619105,0,Moderate Risk
Samastipur,2012,0.4111172908619105,0,Moderate Risk
Samastipur,2013,0.4111172908619105,0,Moderate Risk
Samastipur,2014,0.4111172908619105,0,Moderate Risk
Samastipur,2015,0.4111172908619105,0,Moderate Risk
Samastipur,2016,0.4111172908619105,0,Moderate Risk
Samastipur,2017,0.7172791812640505,0,Moderate Risk
Sambalpur,2011,0.4111172908619105,0,Moderate Risk
Sambalpur,2012,0.7172791812640505,0,Moderate Risk
Sambalpur,2013,0.7631473699548711,0,Moderate Risk
Sambalpur,2014,0.7631473699548711,0,Moderate Risk
Sambalpur,2015,0.5238103936948594,0,Moderate Risk
Sambalpur,2016,0.5238103936948594,0,Moderate Risk
Sambalpur,2017,0.6253007831636783,0,Moderate Risk
Sangli,2011,0.7631473699548711,0,Moderate Risk
Sangli,2012,0.7631473699548711,0,Moderate Risk
Sangli,2013,0.5238103936948594,0,Moderate Risk
Sangli,2014,0.5238103936948594,0,Moderate Risk
Sangli,2015,0.6253007831636783,0,Moderate Risk
Sangli,2016,0.6253007831636783,0,Moderate Risk
Sangli,2017,0.6253007831636783,0,Moderate Risk
Sant Kabir Nagar,2011,0.7631473699548711,0,Moderate Risk
Sant Kabir Nagar,2012,0.7631473699548711,0,Moderate Risk
Sant Kabir Nagar,2013,0.5238103936948594,0,Moderate Risk
Sant Kabir Nagar,2014,0.5238103936948594,0,Moderate Risk
Sant Kabir Nagar,2015,0.6253007831636783,0,Moderate Risk
Sant Kabir Nagar,2016,0.6253007831636783,0,Moderate Risk
Sant Kabir Nagar,2017,0.6253007831636783,0,Moderate Risk
Saraikela-kharsawan,2011,0.7631473699548711,0,Moderate Risk
Saraikela-kharsawan,2012,0.7631473699548711,0,Moderate Risk
Saraikela-kharsawan,2013,0.5238103936948594,0,Moderate Risk
Saraikela-kharsawan,2014,0.5238103936948594,0,Moderate Risk
Saraikela-kharsawan,2015,0.6253007831636783,0,Moderate Risk
Saraikela-kharsawan,2016,0.6253007831636783,0,Moderate Risk
Saraikela-kharsawan,2017,0.6253007831636783,0,Moderate Risk
Saran,2011,0.9951006798337185,1,High Risk
Saran,2012,0.8354388836773256,1,High Risk
Saran,2013,0.6341299786653143,0,Moderate Risk
Saran,2014,0.7244754846132341,0,Moderate Risk
Saran,2015,0.7995632359696266,0,Moderate Risk
Saran,2016,0.7995632359696266,0,Moderate Risk
Saran,2017,0.9354701015814498,1,High Risk
Satara,2011,0.7631473699548711,0,Moderate Risk
Satara,2012,0.7631473699548711,0,Moderate Risk
Satara,2013,0.5238103936948594,0,Moderate Risk
Satara,2014,0.5238103936948594,0,Moderate Risk
Satara,2015,0.6253007831636783,0,Moderate Risk
Satara,2016,0.6253007831636783,0,Moderate Risk
Satara,2017,0.8584484756136718,1,High Risk
Satna,2011,0.885082936306528,1,High Risk
Satna,2012,0.885082936306528,1,High Risk
Satna,2013,0.7244754846132341,0,Moderate Risk
Satna,2014,0.7244754846132341,0,Moderate Risk
Satna,2015,0.7995632359696266,0,Moderate Risk
Satna,2016,0.6253007831636783,0,Moderate Risk
Satna,2017,0.8584484756136718,1,High Risk
Sawai Madhopur,2011,0.7631473699548711,0,Moderate Risk
Sawai Madhopur,2012,0.7631473699548711,0,Moderate Risk
Sawai Madhopur,2013,0.5238103936948594,0,Moderate Risk
Sawai Madhopur,2014,0.5238103936948594,0,Moderate Risk
Sawai Madhopur,2015,0.6253007831636783,0,Moderate Risk
Sawai Madhopur,2016,0.6253007831636783,0,Moderate Risk
Sawai Madhopur,2017,0.6253007831636783,0,Moderate Risk
Sehore,2011,0.7631473699548711,0,Moderate Risk
Sehore,2012,0.7631473699548711,0,Moderate Risk
Sehore,2013,0.5238103936948594,0,Moderate Risk
Sehore,2014,0.5238103936948594,0,Moderate Risk
Sehore,2015,0.6253007831636783,0,Moderate Risk
Sehore,2016,0.6253007831636783,0,Moderate Risk
Sehore,2017,0.8584484756136718,1,High Risk
Senapati,2011,0.7631473699548711,0,Moderate Risk
Senapati,2012,0.7631473699548711,0,Moderate Risk
Senapati,2013,0.5238103936948594,0,Moderate Risk
Senapati,2014,0.5238103936948594,0,Moderate Risk
Senapati,2015,0.6253007831636783,0,Moderate Risk
Senapati,2016,0.6253007831636783,0,Moderate Risk
Senapati,2017,0.6817120425620847,0,Moderate Risk
Seoni,2011,0.6253007831636783,0,Moderate Risk
Seoni,2012,0.6253007831636783,0,Moderate Risk
Seoni,2013,0.6253007831636783,0,Moderate Risk
Seoni,2014,0.8584484756136718,1,High Risk
Seoni,2015,0.885082936306528,1,High Risk
Seoni,2016,0.7631473699548711,0,Moderate Risk
Seoni,2017,0.7998996636626555,0,Moderate Risk
Shahdol,2011,0.7631473699548711,0,Moderate Risk
Shahdol,2012,0.7631473699548711,0,Moderate Risk
Shahdol,2013,0.5238103936948594,0,Moderate Risk
Shahdol,2014,0.5238103936948594,0,Moderate Risk
Shahdol,2015,0.6253007831636783,0,Moderate Risk
Shahdol,2016,0.6253007831636783,0,Moderate Risk
Shahdol,2017,0.6253007831636783,0,Moderate Risk
Shahjahanpur,2011,0.7631473699548711,0,Moderate Risk
Shahjahanpur,2012,0.7631473699548711,0,Moderate Risk
Shahjahanpur,2013,0.5238103936948594,0,Moderate Risk
Shahjahanpur,2014,0.5238103936948594,0,Moderate Risk
Shahjahanpur,2015,0.6253007831636783,0,Moderate Risk
Shahjahanpur,2016,0.6253007831636783,0,Moderate Risk
Shahjahanpur,2017,0.6253007831636783,0,Moderate Risk
Shajapur,2011,0.7631473699548711,0,Moderate Risk
Shajapur,2012,0.7631473699548711,0,Moderate Risk
Shajapur,2013,0.5238103936948594,0,Moderate Risk
Shajapur,2014,0.5238103936948594,0,Moderate Risk
Shajapur,2015,0.6253007831636783,0,Moderate Risk
Shajapur,2016,0.6253007831636783,0,Moderate Risk
Shajapur,2017,0.8584484756136718,1,High Risk
Sheikhpura,2011,0.9369897259555857,1,High Risk
Sheikhpura,2012,0.8354388836773256,1,High Risk
Sheikhpura,2013,0.6341299786653143,0,Moderate Risk
Sheikhpura,2014,0.7244754846132341,0,Moderate Risk
Sheikhpura,2015,0.7995632359696266,0,Moderate Risk
Sheikhpura,2016,0.7995632359696266,0,Moderate Risk
Sheikhpura,2017,0.7995632359696266,0,Moderate Risk
Sheohar,2011,0.6253007831636783,0,Moderate Risk
Sheohar,2012,0.6253007831636783,0,Moderate Risk
Sheohar,2013,0.6253007831636783,0,Moderate Risk
Sheohar,2014,0.6253007831636783,0,Moderate Risk
Sheohar,2015,0.4111172908619105,0,Moderate Risk
Sheohar,2016,0.4111172908619105,0,Moderate Risk
Sheohar,2017,0.4111172908619105,0,Moderate Risk
Sheopur,2011,0.7631473699548711,0,Moderate Risk
Sheopur,2012,0.7631473699548711,0,Moderate Risk
Sheopur,2013,0.5238103936948594,0,Moderate Risk
Sheopur,2014,0.5238103936948594,0,Moderate Risk
Sheopur,2015,0.6253007831636783,0,Moderate Risk
Sheopur,2016,0.6253007831636783,0,Moderate Risk
Sheopur,2017,0.6253007831636783,0,Moderate Risk
Shimla,2011,0.7631473699548711,0,Moderate Risk
Shimla,2012,0.7631473699548711,0,Moderate Risk
Shimla,2013,0.5238103936948594,0,Moderate Risk
Shimla,2014,0.5238103936948594,0,Moderate Risk
Shimla,2015,0.6253007831636783,0,Moderate Risk
Shimla,2016,0.6253007831636783,0,Moderate Risk
Shimla,2017,0.6253007831636783,0,Moderate Risk
Shivpuri,2011,0.7631473699548711,0,Moderate Risk
Shivpuri,2012,0.7631473699548711,0,Moderate Risk
Shivpuri,2013,0.5238103936948594,0,Moderate Risk
Shivpuri,2014,0.5238103936948594,0,Moderate Risk
Shivpuri,2015,0.6253007831636783,0,Moderate Risk
Shivpuri,2016,0.6253007831636783,0,Moderate Risk
Shivpuri,2017,0.6253007831636783,0,Moderate Risk
Shravasti,2011,0.7244754846132341,0,Moderate Risk
Shravasti,2012,0.7995632359696266,0,Moderate Risk
Shravasti,2013,0.7995632359696266,0,Moderate Risk
Shravasti,2014,0.9354701015814498,1,High Risk
Shravasti,2015,0.9852736647069577,1,High Risk
Shravasti,2016,0.9726373451053659,1,High Risk
Shravasti,2017,0.8354388836773256,1,High Risk
Siddharth Nagar,2011,0.7631473699548711,0,Moderate Risk
Siddharth Nagar,2012,0.7631473699548711,0,Moderate Risk
Siddharth Nagar,2013,0.5238103936948594,0,Moderate Risk
Siddharth Nagar,2014,0.5238103936948594,0,Moderate Risk
Siddharth Nagar,2015,0.6253007831636783,0,Moderate Risk
Siddharth Nagar,2016,0.6253007831636783,0,Moderate Risk
Siddharth Nagar,2017,0.6253007831636783,0,Moderate Risk
Sidhi,2011,0.7631473699548711,0,Moderate Risk
Sidhi,2012,0.7631473699548711,0,Moderate Risk
Sidhi,2013,0.5238103936948594,0,Moderate Risk
Sidhi,2014,0.5238103936948594,0,Moderate Risk
Sidhi,2015,0.6253007831636783,0,Moderate Risk
Sidhi,2016,0.6253007831636783,0,Moderate Risk
Sidhi,2017,0.6253007831636783,0,Moderate Risk
Sikar,2011,0.7631473699548711,0,Moderate Risk
Sikar,2012,0.7631473699548711,0,Moderate Risk
Sikar,2013,0.5238103936948594,0,Moderate Risk
Sikar,2014,0.5238103936948594,0,Moderate Risk
Sikar,2015,0.6253007831636783,0,Moderate Risk
Sikar,2016,0.6253007831636783,0,Moderate Risk
Sikar,2017,0.6253007831636783,0,Moderate Risk
Simdega,2011,0.7631473699548711,0,Moderate Risk
Simdega,2012,0.7631473699548711,0,Moderate Risk
Simdega,2013,0.5238103936948594,0,Moderate Risk
Simdega,2014,0.5238103936948594,0,Moderate Risk
Simdega,2015,0.6253007831636783,0,Moderate Risk
Simdega,2016,0.6253007831636783,0,Moderate Risk
Simdega,2017,0.6253007831636783,0,Moderate Risk
Sirmaur,2011,0.7631473699548711,0,Moderate Risk
Sirmaur,2012,0.7631473699548711,0,Moderate Risk
Sirmaur,2013,0.5238103936948594,0,Moderate Risk
Sirmaur,2014,0.5238103936948594,0,Moderate Risk
Sirmaur,2015,0.6253007831636783,0,Moderate Risk
Sirmaur,2016,0.6253007831636783,0,Moderate Risk
Sirmaur,2017,0.6253007831636783,0,Moderate Risk
Sirohi,2011,0.7631473699548711,0,Moderate Risk
Sirohi,2012,0.7631473699548711,0,Moderate Risk
Sirohi,2013,0.5238103936948594,0,Moderate Risk
Sirohi,2014,0.5238103936948594,0,Moderate Risk
Sirohi,2015,0.6253007831636783,0,Moderate Risk
Sirohi,2016,0.6253007831636783,0,Moderate Risk
Sirohi,2017,0.6253007831636783,0,Moderate Risk
Sitamarhi,2011,0.885082936306528,1,High Risk
Sitamarhi,2012,0.885082936306528,1,High Risk
Sitamarhi,2013,0.7244754846132341,0,Moderate Risk
Sitamarhi,2014,0.7244754846132341,0,Moderate Risk
Sitamarhi,2015,0.6253007831636783,0,Moderate Risk
Sitamarhi,2016,0.8675508523615099,1,High Risk
Sitamarhi,2017,0.885082936306528,1,High Risk
Sitapur,2011,0.7631473699548711,0,Moderate Risk
Sitapur,2012,0.7631473699548711,0,Moderate Risk
Sitapur,2013,0.5238103936948594,0,Moderate Risk
Sitapur,2014,0.7998996636626555,0,Moderate Risk
Sitapur,2015,0.9655045832249007,1,High Risk
Sitapur,2016,0.9726373451053659,1,High Risk
Sitapur,2017,0.9238702707680505,1,High Risk
Sivaganga,2011,0.6253007831636783,0,Moderate Risk
Sivaganga,2012,0.6253007831636783,0,Moderate Risk
Sivaganga,2013,0.6253007831636783,0,Moderate Risk
Sivaganga,2014,0.6253007831636783,0,Moderate Risk
Sivaganga,2015,0.4111172908619105,0,Moderate Risk
Sivaganga,2016,0.4111172908619105,0,Moderate Risk
Sivaganga,2017,0.4111172908619105,0,Moderate Risk
Sivasagar,2011,0.885082936306528,1,High Risk
Sivasagar,2012,0.885082936306528,1,High Risk
Sivasagar,2013,0.905263355540787,1,High Risk
Sivasagar,2014,0.9778276307651528,1,High Risk
Sivasagar,2015,0.9883679383784212,1,High Risk
Sivasagar,2016,0.9778276307651528,1,High Risk
Sivasagar,2017,0.9503010468351901,1,High Risk
Siwan,2011,0.7631473699548711,0,Moderate Risk
Siwan,2012,0.7631473699548711,0,Moderate Risk
Siwan,2013,0.5238103936948594,0,Moderate Risk
Siwan,2014,0.5238103936948594,0,Moderate Risk
Siwan,2015,0.6253007831636783,0,Moderate Risk
Siwan,2016,0.6253007831636783,0,Moderate Risk
Siwan,2017,0.8675508523615099,1,High Risk
Solan,2011,0.7631473699548711,0,Moderate Risk
Solan,2012,0.7631473699548711,0,Moderate Risk
Solan,2013,0.5238103936948594,0,Moderate Risk
Solan,2014,0.5238103936948594,0,Moderate Risk
Solan,2015,0.6253007831636783,0,Moderate Risk
Solan,2016,0.6253007831636783,0,Moderate Risk
Solan,2017,0.6253007831636783,0,Moderate Risk
Solapur,2011,0.7631473699548711,0,Moderate Risk
Solapur,2012,0.7631473699548711,0,Moderate Risk
Solapur,2013,0.5238103936948594,0,Moderate Risk
Solapur,2014,0.5238103936948594,0,Moderate Risk
Solapur,2015,0.6253007831636783,0,Moderate Risk
Solapur,2016,0.6253007831636783,0,Moderate Risk
Solapur,2017,0.6253007831636783,0,Moderate Risk
Sonitpur,2011,0.9883679383784212,1,High Risk
Sonitpur,2012,0.9666761589982051,1,High Risk
Sonitpur,2013,0.972965763468267,1,High Risk
Sonitpur,2014,0.9857837047778802,1,High Risk
Sonitpur,2015,0.9777820433191943,1,High Risk
Sonitpur,2016,0.9936454271399969,1,High Risk
Sonitpur,2017,0.9983842088360483,1,High Risk
South 24 Parganas,2011,0.9666761589982051,1,High Risk
South 24 Parganas,2012,0.9666761589982051,1,High Risk
South 24 Parganas,2013,0.9375958145378523,1,High Risk
South 24 Parganas,2014,0.8627391150237367,1,High Risk
South 24 Parganas,2015,0.9050830547904776,1,High Risk
South 24 Parganas,2016,0.7995632359696266,0,Moderate Risk
South 24 Parganas,2017,0.7995632359696266,0,Moderate Risk
South Andaman,2011,0.4111172908619105,0,Moderate Risk
South Andaman,2012,0.4111172908619105,0,Moderate Risk
South Andaman,2013,0.4111172908619105,0,Moderate Risk
South Andaman,2014,0.4111172908619105,0,Moderate Risk
South Andaman,2015,0.4111172908619105,0,Moderate Risk
South Andaman,2016,0.4111172908619105,0,Moderate Risk
South Andaman,2017,0.4111172908619105,0,Moderate Risk
South Goa,2011,0.4111172908619105,0,Moderate Risk
South Goa,2012,0.4111172908619105,0,Moderate Risk
South Goa,2013,0.4111172908619105,0,Moderate Risk
South Goa,2014,0.4111172908619105,0,Moderate Risk
South Goa,2015,0.4111172908619105,0,Moderate Risk
South Goa,2016,0.4111172908619105,0,Moderate Risk
South Goa,2017,0.4111172908619105,0,Moderate Risk
South West Garo Hills,2011,0.4111172908619105,0,Moderate Risk
South West Garo Hills,2012,0.4111172908619105,0,Moderate Risk
South West Garo Hills,2013,0.4111172908619105,0,Moderate Risk
South West Garo Hills,2014,0.4111172908619105,0,Moderate Risk
South West Garo Hills,2015,0.7172791812640505,0,Moderate Risk
South West Garo Hills,2016,0.7631473699548711,0,Moderate Risk
South West Garo Hills,2017,0.7631473699548711,0,Moderate Risk
Srikakulam,2011,0.8627391150237367,1,High Risk
Srikakulam,2012,0.9050830547904776,1,High Risk
Srikakulam,2013,0.9050830547904776,1,High Risk
Srikakulam,2014,0.9050830547904776,1,High Risk
Srikakulam,2015,0.9050830547904776,1,High Risk
Srikakulam,2016,0.6253007831636783,0,Moderate Risk
Srikakulam,2017,0.4111172908619105,0,Moderate Risk
Srinagar,2011,0.4111172908619105,0,Moderate Risk
Srinagar,2012,0.4111172908619105,0,Moderate Risk
Srinagar,2013,0.4111172908619105,0,Moderate Risk
Srinagar,2014,0.4111172908619105,0,Moderate Risk
Srinagar,2015,0.4111172908619105,0,Moderate Risk
Srinagar,2016,0.4111172908619105,0,Moderate Risk
Srinagar,2017,0.4111172908619105,0,Moderate Risk
Subarnapur,2011,0.6253007831636783,0,Moderate Risk
Subarnapur,2012,0.6253007831636783,0,Moderate Risk
Subarnapur,2013,0.6253007831636783,0,Moderate Risk
Subarnapur,2014,0.4111172908619105,0,Moderate Risk
Subarnapur,2015,0.4111172908619105,0,Moderate Risk
Subarnapur,2016,0.4111172908619105,0,Moderate Risk
Subarnapur,2017,0.4111172908619105,0,Moderate Risk
Sultanpur,2011,0.7631473699548711,0,Moderate Risk
Sultanpur,2012,0.7631473699548711,0,Moderate Risk
Sultanpur,2013,0.5238103936948594,0,Moderate Risk
Sultanpur,2014,0.7998996636626555,0,Moderate Risk
Sultanpur,2015,0.885082936306528,1,High Risk
Sultanpur,2016,0.885082936306528,1,High Risk
Sultanpur,2017,0.7244754846132341,0,Moderate Risk
Sundargarh,2011,0.4111172908619105,0,Moderate Risk
Sundargarh,2012,0.4111172908619105,0,Moderate Risk
Sundargarh,2013,0.4111172908619105,0,Moderate Risk
Sundargarh,2014,0.4111172908619105,0,Moderate Risk
Sundargarh,2015,0.4111172908619105,0,Moderate Risk
Sundargarh,2016,0.4111172908619105,0,Moderate Risk
Sundargarh,2017,0.4111172908619105,0,Moderate Risk
Supaul,2011,0.7631473699548711,0,Moderate Risk
Supaul,2012,0.5238103936948594,0,Moderate Risk
Supaul,2013,0.5238103936948594,0,Moderate Risk
Supaul,2014,0.6253007831636783,0,Moderate Risk
Supaul,2015,0.6253007831636783,0,Moderate Risk
Supaul,2016,0.8675508523615099,1,High Risk
Supaul,2017,0.9655045832249007,1,High Risk
Surat,2011,0.9050830547904776,1,High Risk
Surat,2012,0.7995632359696266,0,Moderate Risk
Surat,2013,0.7995632359696266,0,Moderate Risk
Surat,2014,0.7995632359696266,0,Moderate Risk
Surat,2015,0.7995632359696266,0,Moderate Risk
Surat,2016,0.7172791812640505,0,Moderate Risk
Surat,2017,0.9213162524568798,1,High Risk
Surendranagar,2011,0.7995632359696266,0,Moderate Risk
Surendranagar,2012,0.6253007831636783,0,Moderate Risk
Surendranagar,2013,0.6253007831636783,0,Moderate Risk
Surendranagar,2014,0.6253007831636783,0,Moderate Risk
Surendranagar,2015,0.6253007831636783,0,Moderate Risk
Surendranagar,2016,0.4111172908619105,0,Moderate Risk
Surendranagar,2017,0.4111172908619105,0,Moderate Risk
Tamenglong,2011,0.7631473699548711,0,Moderate Risk
Tamenglong,2012,0.7631473699548711,0,Moderate Risk
Tamenglong,2013,0.5238103936948594,0,Moderate Risk
Tamenglong,2014,0.5238103936948594,0,Moderate Risk
Tamenglong,2015,0.6253007831636783,0,Moderate Risk
Tamenglong,2016,0.6253007831636783,0,Moderate Risk
Tamenglong,2017,0.6817120425620847,0,Moderate Risk
Tehri Garhwal,2011,0.6253007831636783,0,Moderate Risk
Tehri Garhwal,2012,0.6253007831636783,0,Moderate Risk
Tehri Garhwal,2013,0.4111172908619105,0,Moderate Risk
Tehri Garhwal,2014,0.4111172908619105,0,Moderate Risk
Tehri Garhwal,2015,0.4111172908619105,0,Moderate Risk
Tehri Garhwal,2016,0.4111172908619105,0,Moderate Risk
Tehri Garhwal,2017,0.4111172908619105,0,Moderate Risk
Thane,2011,0.7631473699548711,0,Moderate Risk
Thane,2012,0.7631473699548711,0,Moderate Risk
Thane,2013,0.5238103936948594,0,Moderate Risk
Thane,2014,0.5238103936948594,0,Moderate Risk
Thane,2015,0.6253007831636783,0,Moderate Risk
Thane,2016,0.6253007831636783,0,Moderate Risk
Thane,2017,0.8584484756136718,1,High Risk
Thanjavur,2011,0.8584484756136718,1,High Risk
Thanjavur,2012,0.885082936306528,1,High Risk
Thanjavur,2013,0.885082936306528,1,High Risk
Thanjavur,2014,0.7244754846132341,0,Moderate Risk
Thanjavur,2015,0.5238103936948594,0,Moderate Risk
Thanjavur,2016,0.6253007831636783,0,Moderate Risk
Thanjavur,2017,0.6253007831636783,0,Moderate Risk
The Dangs,2011,0.7244754846132341,0,Moderate Risk
The Dangs,2012,0.7995632359696266,0,Moderate Risk
The Dangs,2013,0.7995632359696266,0,Moderate Risk
The Dangs,2014,0.7995632359696266,0,Moderate Risk
The Dangs,2015,0.7995632359696266,0,Moderate Risk
The Dangs,2016,0.6253007831636783,0,Moderate Risk
The Dangs,2017,0.4111172908619105,0,Moderate Risk
The Nilgiris,2011,0.7631473699548711,0,Moderate Risk
The Nilgiris,2012,0.7631473699548711,0,Moderate Risk
The Nilgiris,2013,0.5238103936948594,0,Moderate Risk
The Nilgiris,2014,0.5238103936948594,0,Moderate Risk
The Nilgiris,2015,0.6253007831636783,0,Moderate Risk
The Nilgiris,2016,0.6253007831636783,0,Moderate Risk
The Nilgiris,2017,0.6253007831636783,0,Moderate Risk
Theni,2011,0.4111172908619105,0,Moderate Risk
Theni,2012,0.4111172908619105,0,Moderate Risk
Theni,2013,0.4111172908619105,0,Moderate Risk
Theni,2014,0.4111172908619105,0,Moderate Risk
Theni,2015,0.4111172908619105,0,Moderate Risk
Theni,2016,0.4111172908619105,0,Moderate Risk
Theni,2017,0.4111172908619105,0,Moderate Risk
Thiruvallur,2011,0.885082936306528,1,High Risk
Thiruvallur,2012,0.7244754846132341,0,Moderate Risk
Thiruvallur,2013,0.7244754846132341,0,Moderate Risk
Thiruvallur,2014,0.7995632359696266,0,Moderate Risk
Thiruvallur,2015,0.6253007831636783,0,Moderate Risk
Thiruvallur,2016,0.8584484756136718,1,High Risk
Thiruvallur,2017,0.885082936306528,1,High Risk
Thiruvananthapuram,2011,0.7995632359696266,0,Moderate Risk
Thiruvananthapuram,2012,0.6253007831636783,0,Moderate Risk
Thiruvananthapuram,2013,0.4111172908619105,0,Moderate Risk
Thiruvananthapuram,2014,0.4111172908619105,0,Moderate Risk
Thiruvananthapuram,2015,0.4111172908619105,0,Moderate Risk
Thiruvananthapuram,2016,0.4111172908619105,0,Moderate Risk
Thiruvananthapuram,2017,0.4111172908619105,0,Moderate Risk
Thiruvarur,2011,0.9655045832249007,1,High Risk
Thiruvarur,2012,0.9238702707680505,1,High Risk
Thiruvarur,2013,0.9238702707680505,1,High Risk
Thiruvarur,2014,0.8627391150237367,1,High Risk
Thiruvarur,2015,0.7244754846132341,0,Moderate Risk
Thiruvarur,2016,0.7995632359696266,0,Moderate Risk
Thiruvarur,2017,0.7995632359696266,0,Moderate Risk
Thoothukkudi,2011,0.9655045832249007,1,High Risk
Thoothukkudi,2012,0.9238702707680505,1,High Risk
Thoothukkudi,2013,0.9238702707680505,1,High Risk
Thoothukkudi,2014,0.8627391150237367,1,High Risk
Thoothukkudi,2015,0.7244754846132341,0,Moderate Risk
Thoothukkudi,2016,0.7995632359696266,0,Moderate Risk
Thoothukkudi,2017,0.7995632359696266,0,Moderate Risk
Thoubal,2011,0.7631473699548711,0,Moderate Risk
Thoubal,2012,0.7631473699548711,0,Moderate Risk
Thoubal,2013,0.5238103936948594,0,Moderate Risk
Thoubal,2014,0.5238103936948594,0,Moderate Risk
Thoubal,2015,0.6253007831636783,0,Moderate Risk
Thoubal,2016,0.6253007831636783,0,Moderate Risk
Thoubal,2017,0.6817120425620847,0,Moderate Risk
Thrissur,2011,0.5238103936948594,0,Moderate Risk
Thrissur,2012,0.5238103936948594,0,Moderate Risk
Thrissur,2013,0.6253007831636783,0,Moderate Risk
Thrissur,2014,0.6253007831636783,0,Moderate Risk
Thrissur,2015,0.6253007831636783,0,Moderate Risk
Thrissur,2016,0.6253007831636783,0,Moderate Risk
Thrissur,2017,0.6253007831636783,0,Moderate Risk
Tikamgarh,2011,0.7631473699548711,0,Moderate Risk
Tikamgarh,2012,0.7631473699548711,0,Moderate Risk
Tikamgarh,2013,0.5238103936948594,0,Moderate Risk
Tikamgarh,2014,0.5238103936948594,0,Moderate Risk
Tikamgarh,2015,0.6253007831636783,0,Moderate Risk
Tikamgarh,2016,0.6253007831636783,0,Moderate Risk
Tikamgarh,2017,0.8584484756136718,1,High Risk
Tinsukia,2011,0.885082936306528,1,High Risk
Tinsukia,2012,0.885082936306528,1,High Risk
Tinsukia,2013,0.905263355540787,1,High Risk
Tinsukia,2014,0.9778276307651528,1,High Risk
Tinsukia,2015,0.9883679383784212,1,High Risk
Tinsukia,2016,0.9881059997179608,1,High Risk
Tinsukia,2017,0.9887953272035314,1,High Risk
Tiruchirappalli,2011,0.6253007831636783,0,Moderate Risk
Tiruchirappalli,2012,0.6253007831636783,0,Moderate Risk
Tiruchirappalli,2013,0.6253007831636783,0,Moderate Risk
Tiruchirappalli,2014,0.6253007831636783,0,Moderate Risk
Tiruchirappalli,2015,0.6253007831636783,0,Moderate Risk
Tiruchirappalli,2016,0.4111172908619105,0,Moderate Risk
Tiruchirappalli,2017,0.4111172908619105,0,Moderate Risk
Tirunelveli,2011,0.9655045832249007,1,High Risk
Tirunelveli,2012,0.9238702707680505,1,High Risk
Tirunelveli,2013,0.9238702707680505,1,High Risk
Tirunelveli,2014,0.8627391150237367,1,High Risk
Tirunelveli,2015,0.7244754846132341,0,Moderate Risk
Tirunelveli,2016,0.7995632359696266,0,Moderate Risk
Tirunelveli,2017,0.7995632359696266,0,Moderate Risk
Tonk,2011,0.7631473699548711,0,Moderate Risk
Tonk,2012,0.7631473699548711,0,Moderate Risk
Tonk,2013,0.5238103936948594,0,Moderate Risk
Tonk,2014,0.5238103936948594,0,Moderate Risk
Tonk,2015,0.6253007831636783,0,Moderate Risk
Tonk,2016,0.6253007831636783,0,Moderate Risk
Tonk,2017,0.6253007831636783,0,Moderate Risk
Tuensang,2011,0.7631473699548711,0,Moderate Risk
Tuensang,2012,0.7631473699548711,0,Moderate Risk
Tuensang,2013,0.5238103936948594,0,Moderate Risk
Tuensang,2014,0.5238103936948594,0,Moderate Risk
Tuensang,2015,0.6253007831636783,0,Moderate Risk
Tuensang,2016,0.6253007831636783,0,Moderate Risk
Tuensang,2017,0.6253007831636783,0,Moderate Risk
Tumkur,2011,0.7631473699548711,0,Moderate Risk
Tumkur,2012,0.7631473699548711,0,Moderate Risk
Tumkur,2013,0.5238103936948594,0,Moderate Risk
Tumkur,2014,0.5238103936948594,0,Moderate Risk
Tumkur,2015,0.6253007831636783,0,Moderate Risk
Tumkur,2016,0.6253007831636783,0,Moderate Risk
Tumkur,2017,0.6253007831636783,0,Moderate Risk
Udaipur,2011,0.8888785939288698,1,High Risk
Udaipur,2012,0.9238702707680505,1,High Risk
Udaipur,2013,0.8627391150237367,1,High Risk
Udaipur,2014,0.8627391150237367,1,High Risk
Udaipur,2015,0.9050830547904776,1,High Risk
Udaipur,2016,0.9050830547904776,1,High Risk
Udaipur,2017,0.7995632359696266,0,Moderate Risk
Udalguri,2011,0.4111172908619105,0,Moderate Risk
Udalguri,2012,0.4111172908619105,0,Moderate Risk
Udalguri,2013,0.7172791812640505,0,Moderate Risk
Udalguri,2014,0.7631473699548711,0,Moderate Risk
Udalguri,2015,0.7631473699548711,0,Moderate Risk
Udalguri,2016,0.5238103936948594,0,Moderate Risk
Udalguri,2017,0.5238103936948594,0,Moderate Risk
Ukhrul,2011,0.7631473699548711,0,Moderate Risk
Ukhrul,2012,0.7631473699548711,0,Moderate Risk
Ukhrul,2013,0.5238103936948594,0,Moderate Risk
Ukhrul,2014,0.5238103936948594,0,Moderate Risk
Ukhrul,2015,0.6253007831636783,0,Moderate Risk
Ukhrul,2016,0.6253007831636783,0,Moderate Risk
Ukhrul,2017,0.6253007831636783,0,Moderate Risk
Umaria,2011,0.7631473699548711,0,Moderate Risk
Umaria,2012,0.7631473699548711,0,Moderate Risk
Umaria,2013,0.5238103936948594,0,Moderate Risk
Umaria,2014,0.5238103936948594,0,Moderate Risk
Umaria,2015,0.6253007831636783,0,Moderate Risk
Umaria,2016,0.6253007831636783,0,Moderate Risk
Umaria,2017,0.6253007831636783,0,Moderate Risk
Una,2011,0.7631473699548711,0,Moderate Risk
Una,2012,0.7631473699548711,0,Moderate Risk
Una,2013,0.5238103936948594,0,Moderate Risk
Una,2014,0.5238103936948594,0,Moderate Risk
Una,2015,0.6253007831636783,0,Moderate Risk
Una,2016,0.6253007831636783,0,Moderate Risk
Una,2017,0.6253007831636783,0,Moderate Risk
Unnao,2011,0.9267210493643663,1,High Risk
Unnao,2012,0.9369897259555857,1,High Risk
Unnao,2013,0.8354388836773256,1,High Risk
Unnao,2014,0.6341299786653143,0,Moderate Risk
Unnao,2015,0.7244754846132341,0,Moderate Risk
Unnao,2016,0.7995632359696266,0,Moderate Risk
Unnao,2017,0.7995632359696266,0,Moderate Risk
Uttara Kannada,2011,0.7631473699548711,0,Moderate Risk
Uttara Kannada,2012,0.7631473699548711,0,Moderate Risk
Uttara Kannada,2013,0.5238103936948594,0,Moderate Risk
Uttara Kannada,2014,0.5238103936948594,0,Moderate Risk
Uttara Kannada,2015,0.6253007831636783,0,Moderate Risk
Uttara Kannada,2016,0.6253007831636783,0,Moderate Risk
Uttara Kannada,2017,0.6253007831636783,0,Moderate Risk
Uttarkashi,2011,0.6253007831636783,0,Moderate Risk
Uttarkashi,2012,0.6253007831636783,0,Moderate Risk
Uttarkashi,2013,0.6253007831636783,0,Moderate Risk
Uttarkashi,2014,0.6253007831636783,0,Moderate Risk
Uttarkashi,2015,0.6253007831636783,0,Moderate Risk
Uttarkashi,2016,0.4111172908619105,0,Moderate Risk
Uttarkashi,2017,0.4111172908619105,0,Moderate Risk
Vadodara,2011,0.9050830547904776,1,High Risk
Vadodara,2012,0.7995632359696266,0,Moderate Risk
Vadodara,2013,0.7995632359696266,0,Moderate Risk
Vadodara,2014,0.7995632359696266,0,Moderate Risk
Vadodara,2015,0.7995632359696266,0,Moderate Risk
Vadodara,2016,0.4111172908619105,0,Moderate Risk
Vadodara,2017,0.7172791812640505,0,Moderate Risk
Vaishali,2011,0.7631473699548711,0,Moderate Risk
Vaishali,2012,0.7631473699548711,0,Moderate Risk
Vaishali,2013,0.5238103936948594,0,Moderate Risk
Vaishali,2014,0.5238103936948594,0,Moderate Risk
Vaishali,2015,0.6253007831636783,0,Moderate Risk
Vaishali,2016,0.6253007831636783,0,Moderate Risk
Vaishali,2017,0.8584484756136718,1,High Risk
Valsad,2011,0.6253007831636783,0,Moderate Risk
Valsad,2012,0.6253007831636783,0,Moderate Risk
Valsad,2013,0.6253007831636783,0,Moderate Risk
Valsad,2014,0.6253007831636783,0,Moderate Risk
Valsad,2015,0.6253007831636783,0,Moderate Risk
Valsad,2016,0.4111172908619105,0,Moderate Risk
Valsad,2017,0.7172791812640505,0,Moderate Risk
Varanasi,2011,0.7631473699548711,0,Moderate Risk
Varanasi,2012,0.7631473699548711,0,Moderate Risk
Varanasi,2013,0.5238103936948594,0,Moderate Risk
Varanasi,2014,0.5238103936948594,0,Moderate Risk
Varanasi,2015,0.6253007831636783,0,Moderate Risk
Varanasi,2016,0.6253007831636783,0,Moderate Risk
Varanasi,2017,0.8584484756136718,1,High Risk
Vellore,2011,0.6253007831636783,0,Moderate Risk
Vellore,2012,0.6253007831636783,0,Moderate Risk
Vellore,2013,0.6253007831636783,0,Moderate Risk
Vellore,2014,0.6253007831636783,0,Moderate Risk
Vellore,2015,0.6253007831636783,0,Moderate Risk
Vellore,2016,0.4111172908619105,0,Moderate Risk
Vellore,2017,0.4111172908619105,0,Moderate Risk
Vidisha,2011,0.7631473699548711,0,Moderate Risk
Vidisha,2012,0.7631473699548711,0,Moderate Risk
Vidisha,2013,0.5238103936948594,0,Moderate Risk
Vidisha,2014,0.5238103936948594,0,Moderate Risk
Vidisha,2015,0.6253007831636783,0,Moderate Risk
Vidisha,2016,0.6253007831636783,0,Moderate Risk
Vidisha,2017,0.8584484756136718,1,High Risk
Viluppuram,2011,0.9852736647069577,1,High Risk
Viluppuram,2012,0.9666761589982051,1,High Risk
Viluppuram,2013,0.9666761589982051,1,High Risk
Viluppuram,2014,0.9375958145378523,1,High Risk
Viluppuram,2015,0.8627391150237367,1,High Risk
Viluppuram,2016,0.9354701015814498,1,High Risk
Viluppuram,2017,0.9484818420188742,1,High Risk
Virudunagar,2011,0.4111172908619105,0,Moderate Risk
Virudunagar,2012,0.4111172908619105,0,Moderate Risk
Virudunagar,2013,0.4111172908619105,0,Moderate Risk
Virudunagar,2014,0.4111172908619105,0,Moderate Risk
Virudunagar,2015,0.4111172908619105,0,Moderate Risk
Virudunagar,2016,0.7172791812640505,0,Moderate Risk
Virudunagar,2017,0.7631473699548711,0,Moderate Risk
Visakhapatnam,2011,0.7995632359696266,0,Moderate Risk
Visakhapatnam,2012,0.7995632359696266,0,Moderate Risk
Visakhapatnam,2013,0.7995632359696266,0,Moderate Risk
Visakhapatnam,2014,0.9399660203007764,1,High Risk
Visakhapatnam,2015,0.9679795701176226,1,High Risk
Visakhapatnam,2016,0.9369897259555857,1,High Risk
Visakhapatnam,2017,0.8354388836773256,1,High Risk
Vizianagaram,2011,0.6253007831636783,0,Moderate Risk
Vizianagaram,2012,0.6253007831636783,0,Moderate Risk
Vizianagaram,2013,0.6253007831636783,0,Moderate Risk
Vizianagaram,2014,0.6253007831636783,0,Moderate Risk
Vizianagaram,2015,0.6253007831636783,0,Moderate Risk
Vizianagaram,2016,0.4111172908619105,0,Moderate Risk
Vizianagaram,2017,0.4111172908619105,0,Moderate Risk
Warangal,2011,0.7244754846132341,0,Moderate Risk
Warangal,2012,0.7244754846132341,0,Moderate Risk
Warangal,2013,0.7995632359696266,0,Moderate Risk
Warangal,2014,0.7995632359696266,0,Moderate Risk
Warangal,2015,0.7995632359696266,0,Moderate Risk
Warangal,2016,0.6253007831636783,0,Moderate Risk
Warangal,2017,0.6253007831636783,0,Moderate Risk
Wardha,2011,0.7631473699548711,0,Moderate Risk
Wardha,2012,0.7631473699548711,0,Moderate Risk
Wardha,2013,0.5238103936948594,0,Moderate Risk
Wardha,2014,0.5238103936948594,0,Moderate Risk
Wardha,2015,0.6253007831636783,0,Moderate Risk
Wardha,2016,0.6253007831636783,0,Moderate Risk
Wardha,2017,0.6253007831636783,0,Moderate Risk
Washim,2011,0.7631473699548711,0,Moderate Risk
Washim,2012,0.7631473699548711,0,Moderate Risk
Washim,2013,0.5238103936948594,0,Moderate Risk
Washim,2014,0.5238103936948594,0,Moderate Risk
Washim,2015,0.6253007831636783,0,Moderate Risk
Washim,2016,0.6253007831636783,0,Moderate Risk
Washim,2017,0.6253007831636783,0,Moderate Risk
West,2011,0.9852736647069577,1,High Risk
West,2012,0.9883679383784212,1,High Risk
West,2013,0.9238702707680505,1,High Risk
West,2014,0.8055630387793108,1,High Risk
West,2015,0.9610442901007201,1,High Risk
West,2016,0.9593972720485356,1,High Risk
West,2017,0.9883679383784212,1,High Risk
West Garo Hills,2011,0.4111172908619105,0,Moderate Risk
West Garo Hills,2012,0.4111172908619105,0,Moderate Risk
West Garo Hills,2013,0.4111172908619105,0,Moderate Risk
West Garo Hills,2014,0.4111172908619105,0,Moderate Risk
West Garo Hills,2015,0.7172791812640505,0,Moderate Risk
West Garo Hills,2016,0.7631473699548711,0,Moderate Risk
West Garo Hills,2017,0.7631473699548711,0,Moderate Risk
West Godavari,2011,0.9666761589982051,1,High Risk
West Godavari,2012,0.9082865693922062,1,High Risk
West Godavari,2013,0.9375958145378523,1,High Risk
West Godavari,2014,0.9739765872476671,1,High Risk
West Godavari,2015,0.9484818420188742,1,High Risk
West Godavari,2016,0.9484818420188742,1,High Risk
West Godavari,2017,0.8627391150237367,1,High Risk
West Sikkim,2011,0.6253007831636783,0,Moderate Risk
West Sikkim,2012,0.6253007831636783,0,Moderate Risk
West Sikkim,2013,0.6253007831636783,0,Moderate Risk
West Sikkim,2014,0.6253007831636783,0,Moderate Risk
West Sikkim,2015,0.6253007831636783,0,Moderate Risk
West Sikkim,2016,0.4111172908619105,0,Moderate Risk
West Sikkim,2017,0.4111172908619105,0,Moderate Risk
West Tripura,2011,0.7244754846132341,0,Moderate Risk
West Tripura,2012,0.7244754846132341,0,Moderate Risk
West Tripura,2013,0.7995632359696266,0,Moderate Risk
West Tripura,2014,0.7995632359696266,0,Moderate Risk
West Tripura,2015,0.6253007831636783,0,Moderate Risk
West Tripura,2016,0.6253007831636783,0,Moderate Risk
West Tripura,2017,0.6253007831636783,0,Moderate Risk
Wokha,2011,0.7631473699548711,0,Moderate Risk
Wokha,2012,0.7631473699548711,0,Moderate Risk
Wokha,2013,0.5238103936948594,0,Moderate Risk
Wokha,2014,0.5238103936948594,0,Moderate Risk
Wokha,2015,0.6253007831636783,0,Moderate Risk
Wokha,2016,0.6253007831636783,0,Moderate Risk
Wokha,2017,0.6253007831636783,0,Moderate Risk
Y.S.R.,2011,0.9503010468351901,1,High Risk
Y.S.R.,2012,0.9503010468351901,1,High Risk
Y.S.R.,2013,0.9375958145378523,1,High Risk
Y.S.R.,2014,0.9375958145378523,1,High Risk
Y.S.R.,2015,0.9579719848570523,1,High Risk
Y.S.R.,2016,0.9719517023547093,1,High Risk
Y.S.R.,2017,0.9777820433191943,1,High Risk
Yanam,2011,0.9484818420188742,1,High Risk
Yanam,2012,0.8627391150237367,1,High Risk
Yanam,2013,0.8627391150237367,1,High Risk
Yanam,2014,0.9050830547904776,1,High Risk
Yanam,2015,0.7995632359696266,0,Moderate Risk
Yanam,2016,0.6253007831636783,0,Moderate Risk
Yanam,2017,0.6253007831636783,0,Moderate Risk
Yavatmal,2011,0.885082936306528,1,High Risk
Yavatmal,2012,0.885082936306528,1,High Risk
Yavatmal,2013,0.7244754846132341,0,Moderate Risk
Yavatmal,2014,0.7244754846132341,0,Moderate Risk
Yavatmal,2015,0.7995632359696266,0,Moderate Risk
Yavatmal,2016,0.6253007831636783,0,Moderate Risk
Yavatmal,2017,0.6253007831636783,0,Moderate Risk
Zunheboto,2011,0.7631473699548711,0,Moderate Risk
Zunheboto,2012,0.7631473699548711,0,Moderate Risk
Zunheboto,2013,0.5238103936948594,0,Moderate Risk
Zunheboto,2014,0.5238103936948594,0,Moderate Risk
Zunheboto,2015,0.6253007831636783,0,Moderate Risk
Zunheboto,2016,0.6253007831636783,0,Moderate Risk
Zunheboto,2017,0.6253007831636783,0,Moderate Risk
